dataset,mode,seed,epoch,train_loss,validation_ap,validation_auc,selected_checkpoint,epochs_run,dataset_sha256,history_file
ICKG-Weak,full,17,1,0.8918976724147797,0.018145613995680973,0.6948391669338034,0,14,b6b22b31f55ed301f8fda3dfc3f26a6d69a1588d22a2781a6f8f3c2c5a631735,results/formal/ICKG-Weak/full/seed_17/history.json
ICKG-Weak,full,17,2,0.7279954075813293,0.023534987851335135,0.7648599034300368,1,14,b6b22b31f55ed301f8fda3dfc3f26a6d69a1588d22a2781a6f8f3c2c5a631735,results/formal/ICKG-Weak/full/seed_17/history.json
ICKG-Weak,full,17,3,0.7453084349632263,0.02127942451037015,0.7358438351498637,0,14,b6b22b31f55ed301f8fda3dfc3f26a6d69a1588d22a2781a6f8f3c2c5a631735,results/formal/ICKG-Weak/full/seed_17/history.json
ICKG-Weak,full,17,4,0.6496640503406524,0.017145907520708235,0.672156745872736,0,14,b6b22b31f55ed301f8fda3dfc3f26a6d69a1588d22a2781a6f8f3c2c5a631735,results/formal/ICKG-Weak/full/seed_17/history.json
ICKG-Weak,full,17,5,0.6626086831092834,0.014834585288482527,0.6035384777207886,0,14,b6b22b31f55ed301f8fda3dfc3f26a6d69a1588d22a2781a6f8f3c2c5a631735,results/formal/ICKG-Weak/full/seed_17/history.json
ICKG-Weak,full,17,6,0.6090107798576355,0.013399480432325216,0.544634807260779,0,14,b6b22b31f55ed301f8fda3dfc3f26a6d69a1588d22a2781a6f8f3c2c5a631735,results/formal/ICKG-Weak/full/seed_17/history.json
ICKG-Weak,full,17,7,0.6490919470787049,0.013686638779643531,0.47632708567078064,0,14,b6b22b31f55ed301f8fda3dfc3f26a6d69a1588d22a2781a6f8f3c2c5a631735,results/formal/ICKG-Weak/full/seed_17/history.json
ICKG-Weak,full,17,8,0.7366347372531891,0.014053621594945605,0.43443836151626863,0,14,b6b22b31f55ed301f8fda3dfc3f26a6d69a1588d22a2781a6f8f3c2c5a631735,results/formal/ICKG-Weak/full/seed_17/history.json
ICKG-Weak,full,17,9,0.7744487583637237,0.013901851754124258,0.40922899302772875,0,14,b6b22b31f55ed301f8fda3dfc3f26a6d69a1588d22a2781a6f8f3c2c5a631735,results/formal/ICKG-Weak/full/seed_17/history.json
ICKG-Weak,full,17,10,0.6296219229698181,0.014150927467866675,0.40366419899022277,0,14,b6b22b31f55ed301f8fda3dfc3f26a6d69a1588d22a2781a6f8f3c2c5a631735,results/formal/ICKG-Weak/full/seed_17/history.json
ICKG-Weak,full,17,11,0.8132358908653259,0.015201333522956596,0.3914026186087514,0,14,b6b22b31f55ed301f8fda3dfc3f26a6d69a1588d22a2781a6f8f3c2c5a631735,results/formal/ICKG-Weak/full/seed_17/history.json
ICKG-Weak,full,17,12,0.5674726486206054,0.01995892838319317,0.3952694241865684,0,14,b6b22b31f55ed301f8fda3dfc3f26a6d69a1588d22a2781a6f8f3c2c5a631735,results/formal/ICKG-Weak/full/seed_17/history.json
ICKG-Weak,full,17,13,0.5442269623279572,0.018425662443559403,0.4006964757974034,0,14,b6b22b31f55ed301f8fda3dfc3f26a6d69a1588d22a2781a6f8f3c2c5a631735,results/formal/ICKG-Weak/full/seed_17/history.json
ICKG-Weak,full,17,14,0.6107748985290528,0.017347387691423126,0.3953670960891168,0,14,b6b22b31f55ed301f8fda3dfc3f26a6d69a1588d22a2781a6f8f3c2c5a631735,results/formal/ICKG-Weak/full/seed_17/history.json
ICKG-Weak,full,29,1,1.1715306162834167,0.014981397666983427,0.6384975056098734,0,60,b6b22b31f55ed301f8fda3dfc3f26a6d69a1588d22a2781a6f8f3c2c5a631735,results/formal/ICKG-Weak/full/seed_29/history.json
ICKG-Weak,full,29,2,0.8969097018241883,0.015364461279223121,0.6418909781214939,0,60,b6b22b31f55ed301f8fda3dfc3f26a6d69a1588d22a2781a6f8f3c2c5a631735,results/formal/ICKG-Weak/full/seed_29/history.json
ICKG-Weak,full,29,3,0.6922618210315704,0.015636635316324317,0.6470951374418978,0,60,b6b22b31f55ed301f8fda3dfc3f26a6d69a1588d22a2781a6f8f3c2c5a631735,results/formal/ICKG-Weak/full/seed_29/history.json
ICKG-Weak,full,29,4,0.7379683136940003,0.014619068352753764,0.6138967082064433,0,60,b6b22b31f55ed301f8fda3dfc3f26a6d69a1588d22a2781a6f8f3c2c5a631735,results/formal/ICKG-Weak/full/seed_29/history.json
ICKG-Weak,full,29,5,0.6509981870651245,0.012359786793454694,0.546991454960731,0,60,b6b22b31f55ed301f8fda3dfc3f26a6d69a1588d22a2781a6f8f3c2c5a631735,results/formal/ICKG-Weak/full/seed_29/history.json
ICKG-Weak,full,29,6,0.7015621066093445,0.012443477313691848,0.5392979143292195,0,60,b6b22b31f55ed301f8fda3dfc3f26a6d69a1588d22a2781a6f8f3c2c5a631735,results/formal/ICKG-Weak/full/seed_29/history.json
ICKG-Weak,full,29,7,0.6027647852897644,0.012341495453049179,0.5289672323288989,0,60,b6b22b31f55ed301f8fda3dfc3f26a6d69a1588d22a2781a6f8f3c2c5a631735,results/formal/ICKG-Weak/full/seed_29/history.json
ICKG-Weak,full,29,8,0.6484449565410614,0.015065706259088051,0.49353737578137513,0,60,b6b22b31f55ed301f8fda3dfc3f26a6d69a1588d22a2781a6f8f3c2c5a631735,results/formal/ICKG-Weak/full/seed_29/history.json
ICKG-Weak,full,29,9,0.7796969532966613,0.016031308895601993,0.44529246473793876,0,60,b6b22b31f55ed301f8fda3dfc3f26a6d69a1588d22a2781a6f8f3c2c5a631735,results/formal/ICKG-Weak/full/seed_29/history.json
ICKG-Weak,full,29,10,0.6342617154121399,0.016162476413097756,0.42749113439653796,0,60,b6b22b31f55ed301f8fda3dfc3f26a6d69a1588d22a2781a6f8f3c2c5a631735,results/formal/ICKG-Weak/full/seed_29/history.json
ICKG-Weak,full,29,11,0.5878531515598298,0.01584435077799075,0.4275036564353262,0,60,b6b22b31f55ed301f8fda3dfc3f26a6d69a1588d22a2781a6f8f3c2c5a631735,results/formal/ICKG-Weak/full/seed_29/history.json
ICKG-Weak,full,29,12,0.6321085631847382,0.014002532108362506,0.43025850496874496,0,60,b6b22b31f55ed301f8fda3dfc3f26a6d69a1588d22a2781a6f8f3c2c5a631735,results/formal/ICKG-Weak/full/seed_29/history.json
ICKG-Weak,full,29,13,0.6203114748001098,0.015307180130667654,0.4199553714537586,0,60,b6b22b31f55ed301f8fda3dfc3f26a6d69a1588d22a2781a6f8f3c2c5a631735,results/formal/ICKG-Weak/full/seed_29/history.json
ICKG-Weak,full,29,14,0.7216739535331727,0.01698234326592304,0.4030994550408719,0,60,b6b22b31f55ed301f8fda3dfc3f26a6d69a1588d22a2781a6f8f3c2c5a631735,results/formal/ICKG-Weak/full/seed_29/history.json
ICKG-Weak,full,29,15,0.6890957236289978,0.016163910458694003,0.39172568720948864,0,60,b6b22b31f55ed301f8fda3dfc3f26a6d69a1588d22a2781a6f8f3c2c5a631735,results/formal/ICKG-Weak/full/seed_29/history.json
ICKG-Weak,full,29,16,0.616384482383728,0.016285169107779725,0.3653617867446706,0,60,b6b22b31f55ed301f8fda3dfc3f26a6d69a1588d22a2781a6f8f3c2c5a631735,results/formal/ICKG-Weak/full/seed_29/history.json
ICKG-Weak,full,29,17,0.5502735376358032,0.01750446973001797,0.36025279491905754,0,60,b6b22b31f55ed301f8fda3dfc3f26a6d69a1588d22a2781a6f8f3c2c5a631735,results/formal/ICKG-Weak/full/seed_29/history.json
ICKG-Weak,full,29,18,0.7039827466011047,0.016395678352845482,0.36629593083827533,0,60,b6b22b31f55ed301f8fda3dfc3f26a6d69a1588d22a2781a6f8f3c2c5a631735,results/formal/ICKG-Weak/full/seed_29/history.json
ICKG-Weak,full,29,19,0.7838789999485016,0.017689534427960167,0.36844972150985733,0,60,b6b22b31f55ed301f8fda3dfc3f26a6d69a1588d22a2781a6f8f3c2c5a631735,results/formal/ICKG-Weak/full/seed_29/history.json
ICKG-Weak,full,29,20,0.5688691973686218,0.016602602224514942,0.3772452015547363,0,60,b6b22b31f55ed301f8fda3dfc3f26a6d69a1588d22a2781a6f8f3c2c5a631735,results/formal/ICKG-Weak/full/seed_29/history.json
ICKG-Weak,full,29,21,0.5586711287498474,0.017615197050569395,0.3620910302131752,0,60,b6b22b31f55ed301f8fda3dfc3f26a6d69a1588d22a2781a6f8f3c2c5a631735,results/formal/ICKG-Weak/full/seed_29/history.json
ICKG-Weak,full,29,22,0.5860038518905639,0.021645643459699417,0.3614373797884276,0,60,b6b22b31f55ed301f8fda3dfc3f26a6d69a1588d22a2781a6f8f3c2c5a631735,results/formal/ICKG-Weak/full/seed_29/history.json
ICKG-Weak,full,29,23,0.6870344579219818,0.024376427631471236,0.3443122395415932,0,60,b6b22b31f55ed301f8fda3dfc3f26a6d69a1588d22a2781a6f8f3c2c5a631735,results/formal/ICKG-Weak/full/seed_29/history.json
ICKG-Weak,full,29,24,0.5148470997810364,0.024364968710980726,0.3473475817438692,0,60,b6b22b31f55ed301f8fda3dfc3f26a6d69a1588d22a2781a6f8f3c2c5a631735,results/formal/ICKG-Weak/full/seed_29/history.json
ICKG-Weak,full,29,25,0.5073744773864746,0.024492072094033,0.35075608070203557,0,60,b6b22b31f55ed301f8fda3dfc3f26a6d69a1588d22a2781a6f8f3c2c5a631735,results/formal/ICKG-Weak/full/seed_29/history.json
ICKG-Weak,full,29,26,0.532437390089035,0.026152468075736946,0.3417702656675749,0,60,b6b22b31f55ed301f8fda3dfc3f26a6d69a1588d22a2781a6f8f3c2c5a631735,results/formal/ICKG-Weak/full/seed_29/history.json
ICKG-Weak,full,29,27,0.5001013785600662,0.026964736570004574,0.34974680437570127,0,60,b6b22b31f55ed301f8fda3dfc3f26a6d69a1588d22a2781a6f8f3c2c5a631735,results/formal/ICKG-Weak/full/seed_29/history.json
ICKG-Weak,full,29,28,0.49022976160049436,0.022815198738106147,0.34633580100977723,0,60,b6b22b31f55ed301f8fda3dfc3f26a6d69a1588d22a2781a6f8f3c2c5a631735,results/formal/ICKG-Weak/full/seed_29/history.json
ICKG-Weak,full,29,29,0.573337584733963,0.03004782649452787,0.3451136500240423,0,60,b6b22b31f55ed301f8fda3dfc3f26a6d69a1588d22a2781a6f8f3c2c5a631735,results/formal/ICKG-Weak/full/seed_29/history.json
ICKG-Weak,full,29,30,0.5305851399898529,0.03043397002363617,0.34363104063151145,0,60,b6b22b31f55ed301f8fda3dfc3f26a6d69a1588d22a2781a6f8f3c2c5a631735,results/formal/ICKG-Weak/full/seed_29/history.json
ICKG-Weak,full,29,31,0.5490666508674622,0.03824877519103101,0.34345322768071807,0,60,b6b22b31f55ed301f8fda3dfc3f26a6d69a1588d22a2781a6f8f3c2c5a631735,results/formal/ICKG-Weak/full/seed_29/history.json
ICKG-Weak,full,29,32,0.5416736245155335,0.037178899750290956,0.3382615903991025,0,60,b6b22b31f55ed301f8fda3dfc3f26a6d69a1588d22a2781a6f8f3c2c5a631735,results/formal/ICKG-Weak/full/seed_29/history.json
ICKG-Weak,full,29,33,0.4898213505744934,0.03787957504603599,0.33553178594326016,0,60,b6b22b31f55ed301f8fda3dfc3f26a6d69a1588d22a2781a6f8f3c2c5a631735,results/formal/ICKG-Weak/full/seed_29/history.json
ICKG-Weak,full,29,34,0.4832667589187622,0.03864730143026671,0.3341693881230966,0,60,b6b22b31f55ed301f8fda3dfc3f26a6d69a1588d22a2781a6f8f3c2c5a631735,results/formal/ICKG-Weak/full/seed_29/history.json
ICKG-Weak,full,29,35,0.4828727275133133,0.041058083935968784,0.33662621213335475,0,60,b6b22b31f55ed301f8fda3dfc3f26a6d69a1588d22a2781a6f8f3c2c5a631735,results/formal/ICKG-Weak/full/seed_29/history.json
ICKG-Weak,full,29,36,0.4752794086933136,0.041981370625117885,0.3348931619650585,0,60,b6b22b31f55ed301f8fda3dfc3f26a6d69a1588d22a2781a6f8f3c2c5a631735,results/formal/ICKG-Weak/full/seed_29/history.json
ICKG-Weak,full,29,37,0.4804205596446991,0.048345672050547364,0.32155969506331145,0,60,b6b22b31f55ed301f8fda3dfc3f26a6d69a1588d22a2781a6f8f3c2c5a631735,results/formal/ICKG-Weak/full/seed_29/history.json
ICKG-Weak,full,29,38,0.4786912649869919,0.04981947713054827,0.3335633214457445,0,60,b6b22b31f55ed301f8fda3dfc3f26a6d69a1588d22a2781a6f8f3c2c5a631735,results/formal/ICKG-Weak/full/seed_29/history.json
ICKG-Weak,full,29,39,0.6628786265850067,0.049466102002459045,0.3349282236736657,0,60,b6b22b31f55ed301f8fda3dfc3f26a6d69a1588d22a2781a6f8f3c2c5a631735,results/formal/ICKG-Weak/full/seed_29/history.json
ICKG-Weak,full,29,40,0.4776545464992523,0.04855988388379107,0.33595503085430356,0,60,b6b22b31f55ed301f8fda3dfc3f26a6d69a1588d22a2781a6f8f3c2c5a631735,results/formal/ICKG-Weak/full/seed_29/history.json
ICKG-Weak,full,29,41,0.5014757871627807,0.04854903336017365,0.33427206884116045,0,60,b6b22b31f55ed301f8fda3dfc3f26a6d69a1588d22a2781a6f8f3c2c5a631735,results/formal/ICKG-Weak/full/seed_29/history.json
ICKG-Weak,full,29,42,0.49806261658668516,0.04954549380056723,0.33114907236736657,0,60,b6b22b31f55ed301f8fda3dfc3f26a6d69a1588d22a2781a6f8f3c2c5a631735,results/formal/ICKG-Weak/full/seed_29/history.json
ICKG-Weak,full,29,43,0.679486021399498,0.05132054409635668,0.33061813792274397,0,60,b6b22b31f55ed301f8fda3dfc3f26a6d69a1588d22a2781a6f8f3c2c5a631735,results/formal/ICKG-Weak/full/seed_29/history.json
ICKG-Weak,full,29,44,0.5176138639450073,0.05047115589771674,0.33160737898701714,0,60,b6b22b31f55ed301f8fda3dfc3f26a6d69a1588d22a2781a6f8f3c2c5a631735,results/formal/ICKG-Weak/full/seed_29/history.json
ICKG-Weak,full,29,45,0.4855945885181427,0.050788987423102554,0.3310438872415451,0,60,b6b22b31f55ed301f8fda3dfc3f26a6d69a1588d22a2781a6f8f3c2c5a631735,results/formal/ICKG-Weak/full/seed_29/history.json
ICKG-Weak,full,29,46,0.5130354106426239,0.04926317780385614,0.32913051971469787,0,60,b6b22b31f55ed301f8fda3dfc3f26a6d69a1588d22a2781a6f8f3c2c5a631735,results/formal/ICKG-Weak/full/seed_29/history.json
ICKG-Weak,full,29,47,0.46356486082077025,0.049053443750779746,0.31344040511299887,0,60,b6b22b31f55ed301f8fda3dfc3f26a6d69a1588d22a2781a6f8f3c2c5a631735,results/formal/ICKG-Weak/full/seed_29/history.json
ICKG-Weak,full,29,48,0.5863718748092651,0.04811816579976852,0.31187014144895014,0,60,b6b22b31f55ed301f8fda3dfc3f26a6d69a1588d22a2781a6f8f3c2c5a631735,results/formal/ICKG-Weak/full/seed_29/history.json
ICKG-Weak,full,29,49,0.4732136934995651,0.04890041990190874,0.3286246293476519,0,60,b6b22b31f55ed301f8fda3dfc3f26a6d69a1588d22a2781a6f8f3c2c5a631735,results/formal/ICKG-Weak/full/seed_29/history.json
ICKG-Weak,full,29,50,0.5128058433532715,0.05000845347695827,0.3284042414649784,0,60,b6b22b31f55ed301f8fda3dfc3f26a6d69a1588d22a2781a6f8f3c2c5a631735,results/formal/ICKG-Weak/full/seed_29/history.json
ICKG-Weak,full,29,51,0.6126275420188904,0.054771796990342306,0.32777062630229203,0,60,b6b22b31f55ed301f8fda3dfc3f26a6d69a1588d22a2781a6f8f3c2c5a631735,results/formal/ICKG-Weak/full/seed_29/history.json
ICKG-Weak,full,29,52,0.46057516634464263,0.05599422616728808,0.32793591721429716,0,60,b6b22b31f55ed301f8fda3dfc3f26a6d69a1588d22a2781a6f8f3c2c5a631735,results/formal/ICKG-Weak/full/seed_29/history.json
ICKG-Weak,full,29,53,0.48756085634231566,0.05487311605429072,0.3287235534540792,0,60,b6b22b31f55ed301f8fda3dfc3f26a6d69a1588d22a2781a6f8f3c2c5a631735,results/formal/ICKG-Weak/full/seed_29/history.json
ICKG-Weak,full,29,54,0.545211261510849,0.05804355709302929,0.33498582505209173,0,60,b6b22b31f55ed301f8fda3dfc3f26a6d69a1588d22a2781a6f8f3c2c5a631735,results/formal/ICKG-Weak/full/seed_29/history.json
ICKG-Weak,full,29,55,0.4936551511287689,0.056244700105379616,0.33688667054015065,0,60,b6b22b31f55ed301f8fda3dfc3f26a6d69a1588d22a2781a6f8f3c2c5a631735,results/formal/ICKG-Weak/full/seed_29/history.json
ICKG-Weak,full,29,56,0.4839516282081604,0.059460408114261676,0.3225564493508575,1,60,b6b22b31f55ed301f8fda3dfc3f26a6d69a1588d22a2781a6f8f3c2c5a631735,results/formal/ICKG-Weak/full/seed_29/history.json
ICKG-Weak,full,29,57,0.4913229763507843,0.055941096779615784,0.3178732068440455,0,60,b6b22b31f55ed301f8fda3dfc3f26a6d69a1588d22a2781a6f8f3c2c5a631735,results/formal/ICKG-Weak/full/seed_29/history.json
ICKG-Weak,full,29,58,0.4500548720359802,0.053706854430934314,0.32029997796121173,0,60,b6b22b31f55ed301f8fda3dfc3f26a6d69a1588d22a2781a6f8f3c2c5a631735,results/formal/ICKG-Weak/full/seed_29/history.json
ICKG-Weak,full,29,59,0.457863512635231,0.05386403200422889,0.33403164569642574,0,60,b6b22b31f55ed301f8fda3dfc3f26a6d69a1588d22a2781a6f8f3c2c5a631735,results/formal/ICKG-Weak/full/seed_29/history.json
ICKG-Weak,full,29,60,0.6232537209987641,0.05388342004447218,0.33437975837473954,0,60,b6b22b31f55ed301f8fda3dfc3f26a6d69a1588d22a2781a6f8f3c2c5a631735,results/formal/ICKG-Weak/full/seed_29/history.json
ICKG-Weak,full,43,1,0.8090491533279419,0.0166543593059662,0.6555550268472512,0,14,b6b22b31f55ed301f8fda3dfc3f26a6d69a1588d22a2781a6f8f3c2c5a631735,results/formal/ICKG-Weak/full/seed_43/history.json
ICKG-Weak,full,43,2,0.7021724373102188,0.017953357302137023,0.7031663227280014,1,14,b6b22b31f55ed301f8fda3dfc3f26a6d69a1588d22a2781a6f8f3c2c5a631735,results/formal/ICKG-Weak/full/seed_43/history.json
ICKG-Weak,full,43,3,0.7579318761825562,0.01638124402973484,0.611990853902869,0,14,b6b22b31f55ed301f8fda3dfc3f26a6d69a1588d22a2781a6f8f3c2c5a631735,results/formal/ICKG-Weak/full/seed_43/history.json
ICKG-Weak,full,43,4,0.6940224826335907,0.014784045985702036,0.5777931659721108,0,14,b6b22b31f55ed301f8fda3dfc3f26a6d69a1588d22a2781a6f8f3c2c5a631735,results/formal/ICKG-Weak/full/seed_43/history.json
ICKG-Weak,full,43,5,0.7587634503841401,0.01305158682707684,0.524434254287546,0,14,b6b22b31f55ed301f8fda3dfc3f26a6d69a1588d22a2781a6f8f3c2c5a631735,results/formal/ICKG-Weak/full/seed_43/history.json
ICKG-Weak,full,43,6,0.723665052652359,0.011432740369953575,0.461941767510819,0,14,b6b22b31f55ed301f8fda3dfc3f26a6d69a1588d22a2781a6f8f3c2c5a631735,results/formal/ICKG-Weak/full/seed_43/history.json
ICKG-Weak,full,43,7,0.5882727146148682,0.012875102727910953,0.43922178033338677,0,14,b6b22b31f55ed301f8fda3dfc3f26a6d69a1588d22a2781a6f8f3c2c5a631735,results/formal/ICKG-Weak/full/seed_43/history.json
ICKG-Weak,full,43,8,0.5908411800861358,0.013894866857065731,0.4443733470908799,0,14,b6b22b31f55ed301f8fda3dfc3f26a6d69a1588d22a2781a6f8f3c2c5a631735,results/formal/ICKG-Weak/full/seed_43/history.json
ICKG-Weak,full,43,9,0.5499351978302002,0.01695391445331388,0.4166144915050489,0,14,b6b22b31f55ed301f8fda3dfc3f26a6d69a1588d22a2781a6f8f3c2c5a631735,results/formal/ICKG-Weak/full/seed_43/history.json
ICKG-Weak,full,43,10,0.6024717330932617,0.01748667214737385,0.4047085370251643,0,14,b6b22b31f55ed301f8fda3dfc3f26a6d69a1588d22a2781a6f8f3c2c5a631735,results/formal/ICKG-Weak/full/seed_43/history.json
ICKG-Weak,full,43,11,0.5457723438739777,0.016481965689155435,0.3761908458887642,0,14,b6b22b31f55ed301f8fda3dfc3f26a6d69a1588d22a2781a6f8f3c2c5a631735,results/formal/ICKG-Weak/full/seed_43/history.json
ICKG-Weak,full,43,12,0.5429486274719239,0.013952094518064428,0.3754169838916493,0,14,b6b22b31f55ed301f8fda3dfc3f26a6d69a1588d22a2781a6f8f3c2c5a631735,results/formal/ICKG-Weak/full/seed_43/history.json
ICKG-Weak,full,43,13,0.6066728711128235,0.014585886705318317,0.37606812990863925,0,14,b6b22b31f55ed301f8fda3dfc3f26a6d69a1588d22a2781a6f8f3c2c5a631735,results/formal/ICKG-Weak/full/seed_43/history.json
ICKG-Weak,full,43,14,0.5726259827613831,0.015609200459860728,0.3757500701234172,0,14,b6b22b31f55ed301f8fda3dfc3f26a6d69a1588d22a2781a6f8f3c2c5a631735,results/formal/ICKG-Weak/full/seed_43/history.json
ICKG-Weak,full,71,1,0.8059326767921448,0.016556669227191213,0.6868701414489501,0,14,b6b22b31f55ed301f8fda3dfc3f26a6d69a1588d22a2781a6f8f3c2c5a631735,results/formal/ICKG-Weak/full/seed_71/history.json
ICKG-Weak,full,71,2,0.700517761707306,0.01817543096484689,0.7080273781856068,1,14,b6b22b31f55ed301f8fda3dfc3f26a6d69a1588d22a2781a6f8f3c2c5a631735,results/formal/ICKG-Weak/full/seed_71/history.json
ICKG-Weak,full,71,3,0.7285170674324035,0.015144226441736273,0.6330954980766149,0,14,b6b22b31f55ed301f8fda3dfc3f26a6d69a1588d22a2781a6f8f3c2c5a631735,results/formal/ICKG-Weak/full/seed_71/history.json
ICKG-Weak,full,71,4,0.6782739639282227,0.012648953414355003,0.555266018192018,0,14,b6b22b31f55ed301f8fda3dfc3f26a6d69a1588d22a2781a6f8f3c2c5a631735,results/formal/ICKG-Weak/full/seed_71/history.json
ICKG-Weak,full,71,5,0.6488082647323609,0.012336765093932538,0.5319975657156596,0,14,b6b22b31f55ed301f8fda3dfc3f26a6d69a1588d22a2781a6f8f3c2c5a631735,results/formal/ICKG-Weak/full/seed_71/history.json
ICKG-Weak,full,71,6,0.6039398431777954,0.011378552812730175,0.5053181098733771,0,14,b6b22b31f55ed301f8fda3dfc3f26a6d69a1588d22a2781a6f8f3c2c5a631735,results/formal/ICKG-Weak/full/seed_71/history.json
ICKG-Weak,full,71,7,0.6443801522254944,0.012183196214593635,0.4782504708286585,0,14,b6b22b31f55ed301f8fda3dfc3f26a6d69a1588d22a2781a6f8f3c2c5a631735,results/formal/ICKG-Weak/full/seed_71/history.json
ICKG-Weak,full,71,8,0.575286614894867,0.014640313669135473,0.4597867246353582,0,14,b6b22b31f55ed301f8fda3dfc3f26a6d69a1588d22a2781a6f8f3c2c5a631735,results/formal/ICKG-Weak/full/seed_71/history.json
ICKG-Weak,full,71,9,0.5638581871986389,0.014932954884968881,0.4314781515467222,0,14,b6b22b31f55ed301f8fda3dfc3f26a6d69a1588d22a2781a6f8f3c2c5a631735,results/formal/ICKG-Weak/full/seed_71/history.json
ICKG-Weak,full,71,10,0.6423990249633789,0.014875716891286871,0.41777904111235775,0,14,b6b22b31f55ed301f8fda3dfc3f26a6d69a1588d22a2781a6f8f3c2c5a631735,results/formal/ICKG-Weak/full/seed_71/history.json
ICKG-Weak,full,71,11,0.7293334841728211,0.013524962609340182,0.41156059665010425,0,14,b6b22b31f55ed301f8fda3dfc3f26a6d69a1588d22a2781a6f8f3c2c5a631735,results/formal/ICKG-Weak/full/seed_71/history.json
ICKG-Weak,full,71,12,0.573488187789917,0.010721426850109173,0.3901403970988941,0,14,b6b22b31f55ed301f8fda3dfc3f26a6d69a1588d22a2781a6f8f3c2c5a631735,results/formal/ICKG-Weak/full/seed_71/history.json
ICKG-Weak,full,71,13,0.5571324586868286,0.01120782496360221,0.3983498457284822,0,14,b6b22b31f55ed301f8fda3dfc3f26a6d69a1588d22a2781a6f8f3c2c5a631735,results/formal/ICKG-Weak/full/seed_71/history.json
ICKG-Weak,full,71,14,0.5206872820854187,0.010882256851137532,0.3808790972110915,0,14,b6b22b31f55ed301f8fda3dfc3f26a6d69a1588d22a2781a6f8f3c2c5a631735,results/formal/ICKG-Weak/full/seed_71/history.json
ICKG-Weak,full,101,1,0.9918688178062439,0.019461198097473327,0.7125328077416253,0,29,b6b22b31f55ed301f8fda3dfc3f26a6d69a1588d22a2781a6f8f3c2c5a631735,results/formal/ICKG-Weak/full/seed_101/history.json
ICKG-Weak,full,101,2,0.7046457052230835,0.02080968972188237,0.6993909280333387,0,29,b6b22b31f55ed301f8fda3dfc3f26a6d69a1588d22a2781a6f8f3c2c5a631735,results/formal/ICKG-Weak/full/seed_101/history.json
ICKG-Weak,full,101,3,0.8685265064239502,0.017619335596741795,0.6688308923705721,0,29,b6b22b31f55ed301f8fda3dfc3f26a6d69a1588d22a2781a6f8f3c2c5a631735,results/formal/ICKG-Weak/full/seed_101/history.json
ICKG-Weak,full,101,4,0.6685439050197601,0.01540148802793325,0.629336382032377,0,29,b6b22b31f55ed301f8fda3dfc3f26a6d69a1588d22a2781a6f8f3c2c5a631735,results/formal/ICKG-Weak/full/seed_101/history.json
ICKG-Weak,full,101,5,0.7054505825042725,0.014169481851527941,0.5954379708286585,0,29,b6b22b31f55ed301f8fda3dfc3f26a6d69a1588d22a2781a6f8f3c2c5a631735,results/formal/ICKG-Weak/full/seed_101/history.json
ICKG-Weak,full,101,6,0.6153874874114991,0.015106731170306772,0.5569039008655233,0,29,b6b22b31f55ed301f8fda3dfc3f26a6d69a1588d22a2781a6f8f3c2c5a631735,results/formal/ICKG-Weak/full/seed_101/history.json
ICKG-Weak,full,101,7,0.5966966986656189,0.01832797680093825,0.5344669117647058,0,29,b6b22b31f55ed301f8fda3dfc3f26a6d69a1588d22a2781a6f8f3c2c5a631735,results/formal/ICKG-Weak/full/seed_101/history.json
ICKG-Weak,full,101,8,0.6569826364517212,0.04745696084057471,0.4950625601057863,0,29,b6b22b31f55ed301f8fda3dfc3f26a6d69a1588d22a2781a6f8f3c2c5a631735,results/formal/ICKG-Weak/full/seed_101/history.json
ICKG-Weak,full,101,9,0.5888770818710327,0.05035089225870966,0.48791498036544323,0,29,b6b22b31f55ed301f8fda3dfc3f26a6d69a1588d22a2781a6f8f3c2c5a631735,results/formal/ICKG-Weak/full/seed_101/history.json
ICKG-Weak,full,101,10,0.684815126657486,0.05089529567272614,0.4551222651867286,0,29,b6b22b31f55ed301f8fda3dfc3f26a6d69a1588d22a2781a6f8f3c2c5a631735,results/formal/ICKG-Weak/full/seed_101/history.json
ICKG-Weak,full,101,11,0.6566890954971314,0.051045313863819844,0.41758119289950313,0,29,b6b22b31f55ed301f8fda3dfc3f26a6d69a1588d22a2781a6f8f3c2c5a631735,results/formal/ICKG-Weak/full/seed_101/history.json
ICKG-Weak,full,101,12,0.7246756196022034,0.05556831737717875,0.3675306038627985,0,29,b6b22b31f55ed301f8fda3dfc3f26a6d69a1588d22a2781a6f8f3c2c5a631735,results/formal/ICKG-Weak/full/seed_101/history.json
ICKG-Weak,full,101,13,0.5441491365432739,0.04530677560679973,0.3984475176310306,0,29,b6b22b31f55ed301f8fda3dfc3f26a6d69a1588d22a2781a6f8f3c2c5a631735,results/formal/ICKG-Weak/full/seed_101/history.json
ICKG-Weak,full,101,14,0.5228146731853485,0.043708533939531016,0.4087932260778971,0,29,b6b22b31f55ed301f8fda3dfc3f26a6d69a1588d22a2781a6f8f3c2c5a631735,results/formal/ICKG-Weak/full/seed_101/history.json
ICKG-Weak,full,101,15,0.6571167528629303,0.045570189295356535,0.39551485614681847,0,29,b6b22b31f55ed301f8fda3dfc3f26a6d69a1588d22a2781a6f8f3c2c5a631735,results/formal/ICKG-Weak/full/seed_101/history.json
ICKG-Weak,full,101,16,0.5994105279445648,0.045968617588594204,0.3879490403109473,0,29,b6b22b31f55ed301f8fda3dfc3f26a6d69a1588d22a2781a6f8f3c2c5a631735,results/formal/ICKG-Weak/full/seed_101/history.json
ICKG-Weak,full,101,17,0.5331598281860351,0.05609448180169736,0.38693225076133997,1,29,b6b22b31f55ed301f8fda3dfc3f26a6d69a1588d22a2781a6f8f3c2c5a631735,results/formal/ICKG-Weak/full/seed_101/history.json
ICKG-Weak,full,101,18,0.5258683860301971,0.04711240845242755,0.392742476759096,0,29,b6b22b31f55ed301f8fda3dfc3f26a6d69a1588d22a2781a6f8f3c2c5a631735,results/formal/ICKG-Weak/full/seed_101/history.json
ICKG-Weak,full,101,19,0.5596465706825257,0.04793854770339403,0.3920587734412566,0,29,b6b22b31f55ed301f8fda3dfc3f26a6d69a1588d22a2781a6f8f3c2c5a631735,results/formal/ICKG-Weak/full/seed_101/history.json
ICKG-Weak,full,101,20,0.5141502380371094,0.048675042603519,0.38211377023561466,0,29,b6b22b31f55ed301f8fda3dfc3f26a6d69a1588d22a2781a6f8f3c2c5a631735,results/formal/ICKG-Weak/full/seed_101/history.json
ICKG-Weak,full,101,21,0.5379899680614472,0.044409317486138904,0.38603817719185773,0,29,b6b22b31f55ed301f8fda3dfc3f26a6d69a1588d22a2781a6f8f3c2c5a631735,results/formal/ICKG-Weak/full/seed_101/history.json
ICKG-Weak,full,101,22,0.5124737739562988,0.04455466449367334,0.37451038828337874,0,29,b6b22b31f55ed301f8fda3dfc3f26a6d69a1588d22a2781a6f8f3c2c5a631735,results/formal/ICKG-Weak/full/seed_101/history.json
ICKG-Weak,full,101,23,0.5671002626419067,0.04429133706003418,0.3711494730726078,0,29,b6b22b31f55ed301f8fda3dfc3f26a6d69a1588d22a2781a6f8f3c2c5a631735,results/formal/ICKG-Weak/full/seed_101/history.json
ICKG-Weak,full,101,24,0.5592352330684662,0.042114059245990196,0.3667216801570765,0,29,b6b22b31f55ed301f8fda3dfc3f26a6d69a1588d22a2781a6f8f3c2c5a631735,results/formal/ICKG-Weak/full/seed_101/history.json
ICKG-Weak,full,101,25,0.5272676944732666,0.042700037409434656,0.3616377324090399,0,29,b6b22b31f55ed301f8fda3dfc3f26a6d69a1588d22a2781a6f8f3c2c5a631735,results/formal/ICKG-Weak/full/seed_101/history.json
ICKG-Weak,full,101,26,0.5422738254070282,0.04200602895296168,0.33479298565475235,0,29,b6b22b31f55ed301f8fda3dfc3f26a6d69a1588d22a2781a6f8f3c2c5a631735,results/formal/ICKG-Weak/full/seed_101/history.json
ICKG-Weak,full,101,27,0.48652357459068296,0.03891286023574812,0.3490681098733771,0,29,b6b22b31f55ed301f8fda3dfc3f26a6d69a1588d22a2781a6f8f3c2c5a631735,results/formal/ICKG-Weak/full/seed_101/history.json
ICKG-Weak,full,101,28,0.5547366440296173,0.037689904922465926,0.3499859753165572,0,29,b6b22b31f55ed301f8fda3dfc3f26a6d69a1588d22a2781a6f8f3c2c5a631735,results/formal/ICKG-Weak/full/seed_101/history.json
ICKG-Weak,full,101,29,0.5368606567382812,0.03477325820791988,0.3607837293636801,0,29,b6b22b31f55ed301f8fda3dfc3f26a6d69a1588d22a2781a6f8f3c2c5a631735,results/formal/ICKG-Weak/full/seed_101/history.json
SIM-Auto,full,17,1,1.3390227158864338,0.2258433225754334,0.7584579219558063,0,43,4e6d9baa6fb71bba375db77cf9c72ec9b862a37434715b36277dd7265588d017,results/formal/SIM-Auto/full/seed_17/history.json
SIM-Auto,full,17,2,1.1662251154581706,0.3558200742457825,0.8068923366243537,0,43,4e6d9baa6fb71bba375db77cf9c72ec9b862a37434715b36277dd7265588d017,results/formal/SIM-Auto/full/seed_17/history.json
SIM-Auto,full,17,3,1.06035981575648,0.38265099861091983,0.8164551010813351,0,43,4e6d9baa6fb71bba375db77cf9c72ec9b862a37434715b36277dd7265588d017,results/formal/SIM-Auto/full/seed_17/history.json
SIM-Auto,full,17,4,1.0287599861621857,0.39220043435847857,0.8171603196991069,0,43,4e6d9baa6fb71bba375db77cf9c72ec9b862a37434715b36277dd7265588d017,results/formal/SIM-Auto/full/seed_17/history.json
SIM-Auto,full,17,5,1.0250629484653473,0.38924741352310577,0.8185519511048425,0,43,4e6d9baa6fb71bba375db77cf9c72ec9b862a37434715b36277dd7265588d017,results/formal/SIM-Auto/full/seed_17/history.json
SIM-Auto,full,17,6,1.0073894957701366,0.4000878615760014,0.8235025858015985,0,43,4e6d9baa6fb71bba375db77cf9c72ec9b862a37434715b36277dd7265588d017,results/formal/SIM-Auto/full/seed_17/history.json
SIM-Auto,full,17,7,0.9800478518009186,0.40540338607319665,0.8249083215796897,0,43,4e6d9baa6fb71bba375db77cf9c72ec9b862a37434715b36277dd7265588d017,results/formal/SIM-Auto/full/seed_17/history.json
SIM-Auto,full,17,8,0.9738225738207499,0.40246418891424146,0.8266713681241186,0,43,4e6d9baa6fb71bba375db77cf9c72ec9b862a37434715b36277dd7265588d017,results/formal/SIM-Auto/full/seed_17/history.json
SIM-Auto,full,17,9,0.9862111707528433,0.41191479021971805,0.8329431123648332,0,43,4e6d9baa6fb71bba375db77cf9c72ec9b862a37434715b36277dd7265588d017,results/formal/SIM-Auto/full/seed_17/history.json
SIM-Auto,full,17,10,0.9874708652496338,0.4162537287545305,0.834950634696756,0,43,4e6d9baa6fb71bba375db77cf9c72ec9b862a37434715b36277dd7265588d017,results/formal/SIM-Auto/full/seed_17/history.json
SIM-Auto,full,17,11,0.9653105537096659,0.4268104134830275,0.841236483309826,0,43,4e6d9baa6fb71bba375db77cf9c72ec9b862a37434715b36277dd7265588d017,results/formal/SIM-Auto/full/seed_17/history.json
SIM-Auto,full,17,12,0.9418012102444967,0.43502537268395575,0.8521485660554773,0,43,4e6d9baa6fb71bba375db77cf9c72ec9b862a37434715b36277dd7265588d017,results/formal/SIM-Auto/full/seed_17/history.json
SIM-Auto,full,17,13,0.917954166730245,0.43219079163767327,0.8454677950164551,0,43,4e6d9baa6fb71bba375db77cf9c72ec9b862a37434715b36277dd7265588d017,results/formal/SIM-Auto/full/seed_17/history.json
SIM-Auto,full,17,14,0.9121211469173431,0.4358086785149045,0.8510719322990127,0,43,4e6d9baa6fb71bba375db77cf9c72ec9b862a37434715b36277dd7265588d017,results/formal/SIM-Auto/full/seed_17/history.json
SIM-Auto,full,17,15,0.8857193489869436,0.452265205720387,0.8619887165021156,0,43,4e6d9baa6fb71bba375db77cf9c72ec9b862a37434715b36277dd7265588d017,results/formal/SIM-Auto/full/seed_17/history.json
SIM-Auto,full,17,16,0.8799723088741302,0.4394828565671514,0.8586459802538787,0,43,4e6d9baa6fb71bba375db77cf9c72ec9b862a37434715b36277dd7265588d017,results/formal/SIM-Auto/full/seed_17/history.json
SIM-Auto,full,17,17,0.8765859504540762,0.45678118983880184,0.8696050775740479,0,43,4e6d9baa6fb71bba375db77cf9c72ec9b862a37434715b36277dd7265588d017,results/formal/SIM-Auto/full/seed_17/history.json
SIM-Auto,full,17,18,0.8602056602636973,0.4575140944080888,0.8709026798307475,0,43,4e6d9baa6fb71bba375db77cf9c72ec9b862a37434715b36277dd7265588d017,results/formal/SIM-Auto/full/seed_17/history.json
SIM-Auto,full,17,19,0.832748144865036,0.46481389816933005,0.8689468735307946,0,43,4e6d9baa6fb71bba375db77cf9c72ec9b862a37434715b36277dd7265588d017,results/formal/SIM-Auto/full/seed_17/history.json
SIM-Auto,full,17,20,0.8155785699685415,0.4757235258770387,0.876932299012694,0,43,4e6d9baa6fb71bba375db77cf9c72ec9b862a37434715b36277dd7265588d017,results/formal/SIM-Auto/full/seed_17/history.json
SIM-Auto,full,17,21,0.8415787220001221,0.46773411666667214,0.8735848613070052,0,43,4e6d9baa6fb71bba375db77cf9c72ec9b862a37434715b36277dd7265588d017,results/formal/SIM-Auto/full/seed_17/history.json
SIM-Auto,full,17,22,0.823196291923523,0.4719070508445844,0.8750141043723554,0,43,4e6d9baa6fb71bba375db77cf9c72ec9b862a37434715b36277dd7265588d017,results/formal/SIM-Auto/full/seed_17/history.json
SIM-Auto,full,17,23,0.8026136755943298,0.4701045033873231,0.8697296661965209,0,43,4e6d9baa6fb71bba375db77cf9c72ec9b862a37434715b36277dd7265588d017,results/formal/SIM-Auto/full/seed_17/history.json
SIM-Auto,full,17,24,0.7933807472387949,0.4742258693806205,0.8746944052656324,0,43,4e6d9baa6fb71bba375db77cf9c72ec9b862a37434715b36277dd7265588d017,results/formal/SIM-Auto/full/seed_17/history.json
SIM-Auto,full,17,25,0.8182809054851532,0.48691989154480453,0.8753479078514339,0,43,4e6d9baa6fb71bba375db77cf9c72ec9b862a37434715b36277dd7265588d017,results/formal/SIM-Auto/full/seed_17/history.json
SIM-Auto,full,17,26,0.7956912616888682,0.48718828676414927,0.8760014104372355,0,43,4e6d9baa6fb71bba375db77cf9c72ec9b862a37434715b36277dd7265588d017,results/formal/SIM-Auto/full/seed_17/history.json
SIM-Auto,full,17,27,0.7851551373799642,0.49625791664162666,0.8749788434414667,0,43,4e6d9baa6fb71bba375db77cf9c72ec9b862a37434715b36277dd7265588d017,results/formal/SIM-Auto/full/seed_17/history.json
SIM-Auto,full,17,28,0.7723346253236135,0.4804122371521866,0.873911612599906,0,43,4e6d9baa6fb71bba375db77cf9c72ec9b862a37434715b36277dd7265588d017,results/formal/SIM-Auto/full/seed_17/history.json
SIM-Auto,full,17,29,0.7669106821219126,0.5011952855721297,0.874677950164551,0,43,4e6d9baa6fb71bba375db77cf9c72ec9b862a37434715b36277dd7265588d017,results/formal/SIM-Auto/full/seed_17/history.json
SIM-Auto,full,17,30,0.7637772560119629,0.48291226900776335,0.8756276445698167,0,43,4e6d9baa6fb71bba375db77cf9c72ec9b862a37434715b36277dd7265588d017,results/formal/SIM-Auto/full/seed_17/history.json
SIM-Auto,full,17,31,0.7617573142051697,0.5030180580639272,0.872054536906441,1,43,4e6d9baa6fb71bba375db77cf9c72ec9b862a37434715b36277dd7265588d017,results/formal/SIM-Auto/full/seed_17/history.json
SIM-Auto,full,17,32,0.7560358742872874,0.49217763418594773,0.8737752703338035,0,43,4e6d9baa6fb71bba375db77cf9c72ec9b862a37434715b36277dd7265588d017,results/formal/SIM-Auto/full/seed_17/history.json
SIM-Auto,full,17,33,0.7531176606814066,0.4971532861984844,0.8739398213446168,0,43,4e6d9baa6fb71bba375db77cf9c72ec9b862a37434715b36277dd7265588d017,results/formal/SIM-Auto/full/seed_17/history.json
SIM-Auto,full,17,34,0.7383437057336172,0.494320296874748,0.8716972261401035,0,43,4e6d9baa6fb71bba375db77cf9c72ec9b862a37434715b36277dd7265588d017,results/formal/SIM-Auto/full/seed_17/history.json
SIM-Auto,full,17,35,0.740741640329361,0.4761574150991999,0.8661118946873532,0,43,4e6d9baa6fb71bba375db77cf9c72ec9b862a37434715b36277dd7265588d017,results/formal/SIM-Auto/full/seed_17/history.json
SIM-Auto,full,17,36,0.7416958709557852,0.4981675357119001,0.8751998119417018,0,43,4e6d9baa6fb71bba375db77cf9c72ec9b862a37434715b36277dd7265588d017,results/formal/SIM-Auto/full/seed_17/history.json
SIM-Auto,full,17,37,0.7582043707370758,0.4816776311486232,0.8712976022566996,0,43,4e6d9baa6fb71bba375db77cf9c72ec9b862a37434715b36277dd7265588d017,results/formal/SIM-Auto/full/seed_17/history.json
SIM-Auto,full,17,38,0.7471040785312653,0.4701329181694415,0.8687541137752703,0,43,4e6d9baa6fb71bba375db77cf9c72ec9b862a37434715b36277dd7265588d017,results/formal/SIM-Auto/full/seed_17/history.json
SIM-Auto,full,17,39,0.7294507126013438,0.48432675716009926,0.8685519511048425,0,43,4e6d9baa6fb71bba375db77cf9c72ec9b862a37434715b36277dd7265588d017,results/formal/SIM-Auto/full/seed_17/history.json
SIM-Auto,full,17,40,0.7321223417917887,0.4517138244776169,0.8630841560883874,0,43,4e6d9baa6fb71bba375db77cf9c72ec9b862a37434715b36277dd7265588d017,results/formal/SIM-Auto/full/seed_17/history.json
SIM-Auto,full,17,41,0.7140375375747681,0.48207037253551255,0.8656887635166901,0,43,4e6d9baa6fb71bba375db77cf9c72ec9b862a37434715b36277dd7265588d017,results/formal/SIM-Auto/full/seed_17/history.json
SIM-Auto,full,17,42,0.7084527711073557,0.47669466419869694,0.8683051245886224,0,43,4e6d9baa6fb71bba375db77cf9c72ec9b862a37434715b36277dd7265588d017,results/formal/SIM-Auto/full/seed_17/history.json
SIM-Auto,full,17,43,0.7024552623430887,0.46733808073123534,0.8666196520921485,0,43,4e6d9baa6fb71bba375db77cf9c72ec9b862a37434715b36277dd7265588d017,results/formal/SIM-Auto/full/seed_17/history.json
SIM-Auto,full,29,1,1.360672136147817,0.22987924450165642,0.7694710860366712,0,49,4e6d9baa6fb71bba375db77cf9c72ec9b862a37434715b36277dd7265588d017,results/formal/SIM-Auto/full/seed_29/history.json
SIM-Auto,full,29,2,1.155448893706004,0.3773227084344733,0.8051527973671838,0,49,4e6d9baa6fb71bba375db77cf9c72ec9b862a37434715b36277dd7265588d017,results/formal/SIM-Auto/full/seed_29/history.json
SIM-Auto,full,29,3,1.0618299941221874,0.4035106914572809,0.8139351198871649,0,49,4e6d9baa6fb71bba375db77cf9c72ec9b862a37434715b36277dd7265588d017,results/formal/SIM-Auto/full/seed_29/history.json
SIM-Auto,full,29,4,1.03215487798055,0.4039710364518742,0.8167748001880584,0,49,4e6d9baa6fb71bba375db77cf9c72ec9b862a37434715b36277dd7265588d017,results/formal/SIM-Auto/full/seed_29/history.json
SIM-Auto,full,29,5,1.02043816447258,0.39761405673410555,0.8224424071462153,0,49,4e6d9baa6fb71bba375db77cf9c72ec9b862a37434715b36277dd7265588d017,results/formal/SIM-Auto/full/seed_29/history.json
SIM-Auto,full,29,6,1.0177665551503499,0.39226230854608546,0.8232487070992007,0,49,4e6d9baa6fb71bba375db77cf9c72ec9b862a37434715b36277dd7265588d017,results/formal/SIM-Auto/full/seed_29/history.json
SIM-Auto,full,29,7,0.9933675328890482,0.39855051055356217,0.8256605547719793,0,49,4e6d9baa6fb71bba375db77cf9c72ec9b862a37434715b36277dd7265588d017,results/formal/SIM-Auto/full/seed_29/history.json
SIM-Auto,full,29,8,0.9813185334205627,0.40892984260289866,0.8275975552421251,0,49,4e6d9baa6fb71bba375db77cf9c72ec9b862a37434715b36277dd7265588d017,results/formal/SIM-Auto/full/seed_29/history.json
SIM-Auto,full,29,9,0.9731970528761545,0.4208062660369718,0.8330747531734838,0,49,4e6d9baa6fb71bba375db77cf9c72ec9b862a37434715b36277dd7265588d017,results/formal/SIM-Auto/full/seed_29/history.json
SIM-Auto,full,29,10,0.9499073922634125,0.42385713312581325,0.8390738128819933,0,49,4e6d9baa6fb71bba375db77cf9c72ec9b862a37434715b36277dd7265588d017,results/formal/SIM-Auto/full/seed_29/history.json
SIM-Auto,full,29,11,0.9351519544919332,0.43951543716615066,0.8520733427362484,0,49,4e6d9baa6fb71bba375db77cf9c72ec9b862a37434715b36277dd7265588d017,results/formal/SIM-Auto/full/seed_29/history.json
SIM-Auto,full,29,12,0.9106123248736063,0.4365911206163815,0.8511142454160789,0,49,4e6d9baa6fb71bba375db77cf9c72ec9b862a37434715b36277dd7265588d017,results/formal/SIM-Auto/full/seed_29/history.json
SIM-Auto,full,29,13,0.8870453238487244,0.450651080190464,0.8652562294311237,0,49,4e6d9baa6fb71bba375db77cf9c72ec9b862a37434715b36277dd7265588d017,results/formal/SIM-Auto/full/seed_29/history.json
SIM-Auto,full,29,14,0.8968799014886221,0.46288364318194963,0.8700376116596146,0,49,4e6d9baa6fb71bba375db77cf9c72ec9b862a37434715b36277dd7265588d017,results/formal/SIM-Auto/full/seed_29/history.json
SIM-Auto,full,29,15,0.8955773512522379,0.4360294605830894,0.855296191819464,0,49,4e6d9baa6fb71bba375db77cf9c72ec9b862a37434715b36277dd7265588d017,results/formal/SIM-Auto/full/seed_29/history.json
SIM-Auto,full,29,16,0.8701343437035879,0.46533343253589254,0.8751998119417019,0,49,4e6d9baa6fb71bba375db77cf9c72ec9b862a37434715b36277dd7265588d017,results/formal/SIM-Auto/full/seed_29/history.json
SIM-Auto,full,29,17,0.8535383741060892,0.4614220528597198,0.8737259050305595,0,49,4e6d9baa6fb71bba375db77cf9c72ec9b862a37434715b36277dd7265588d017,results/formal/SIM-Auto/full/seed_29/history.json
SIM-Auto,full,29,18,0.834451029698054,0.48203338593568373,0.8748307475317348,0,49,4e6d9baa6fb71bba375db77cf9c72ec9b862a37434715b36277dd7265588d017,results/formal/SIM-Auto/full/seed_29/history.json
SIM-Auto,full,29,19,0.831857830286026,0.478442321439799,0.8752679830747532,0,49,4e6d9baa6fb71bba375db77cf9c72ec9b862a37434715b36277dd7265588d017,results/formal/SIM-Auto/full/seed_29/history.json
SIM-Auto,full,29,20,0.8194531699021658,0.4819706765612346,0.8792783262811472,0,49,4e6d9baa6fb71bba375db77cf9c72ec9b862a37434715b36277dd7265588d017,results/formal/SIM-Auto/full/seed_29/history.json
SIM-Auto,full,29,21,0.8320299386978149,0.48640629703662924,0.8787282557592854,0,49,4e6d9baa6fb71bba375db77cf9c72ec9b862a37434715b36277dd7265588d017,results/formal/SIM-Auto/full/seed_29/history.json
SIM-Auto,full,29,22,0.8174789647261301,0.46112970379359214,0.8734955336154208,0,49,4e6d9baa6fb71bba375db77cf9c72ec9b862a37434715b36277dd7265588d017,results/formal/SIM-Auto/full/seed_29/history.json
SIM-Auto,full,29,23,0.8205674191315969,0.4856448229918783,0.8768758815232722,0,49,4e6d9baa6fb71bba375db77cf9c72ec9b862a37434715b36277dd7265588d017,results/formal/SIM-Auto/full/seed_29/history.json
SIM-Auto,full,29,24,0.8144523799419403,0.4782087719899758,0.8769275975552422,0,49,4e6d9baa6fb71bba375db77cf9c72ec9b862a37434715b36277dd7265588d017,results/formal/SIM-Auto/full/seed_29/history.json
SIM-Auto,full,29,25,0.8053004046281179,0.47397732937625886,0.8736224729666197,0,49,4e6d9baa6fb71bba375db77cf9c72ec9b862a37434715b36277dd7265588d017,results/formal/SIM-Auto/full/seed_29/history.json
SIM-Auto,full,29,26,0.7934251725673676,0.4830536077073443,0.8732557592853785,0,49,4e6d9baa6fb71bba375db77cf9c72ec9b862a37434715b36277dd7265588d017,results/formal/SIM-Auto/full/seed_29/history.json
SIM-Auto,full,29,27,0.7812953690687815,0.481850755395331,0.8754137282557592,0,49,4e6d9baa6fb71bba375db77cf9c72ec9b862a37434715b36277dd7265588d017,results/formal/SIM-Auto/full/seed_29/history.json
SIM-Auto,full,29,28,0.7956830561161041,0.4775118697630546,0.8742430653502586,0,49,4e6d9baa6fb71bba375db77cf9c72ec9b862a37434715b36277dd7265588d017,results/formal/SIM-Auto/full/seed_29/history.json
SIM-Auto,full,29,29,0.7781647245089213,0.475827417996085,0.8728373295721674,0,49,4e6d9baa6fb71bba375db77cf9c72ec9b862a37434715b36277dd7265588d017,results/formal/SIM-Auto/full/seed_29/history.json
SIM-Auto,full,29,30,0.7755757768948873,0.4916776351368703,0.8749247766807711,0,49,4e6d9baa6fb71bba375db77cf9c72ec9b862a37434715b36277dd7265588d017,results/formal/SIM-Auto/full/seed_29/history.json
SIM-Auto,full,29,31,0.7725869913895925,0.4748887596515407,0.8728608368594265,0,49,4e6d9baa6fb71bba375db77cf9c72ec9b862a37434715b36277dd7265588d017,results/formal/SIM-Auto/full/seed_29/history.json
SIM-Auto,full,29,32,0.7610285480817159,0.4859739732811592,0.8720380818053597,0,49,4e6d9baa6fb71bba375db77cf9c72ec9b862a37434715b36277dd7265588d017,results/formal/SIM-Auto/full/seed_29/history.json
SIM-Auto,full,29,33,0.748722662528356,0.4913783279609954,0.875296191819464,0,49,4e6d9baa6fb71bba375db77cf9c72ec9b862a37434715b36277dd7265588d017,results/formal/SIM-Auto/full/seed_29/history.json
SIM-Auto,full,29,34,0.761359453201294,0.479941303513757,0.8721274094969441,0,49,4e6d9baa6fb71bba375db77cf9c72ec9b862a37434715b36277dd7265588d017,results/formal/SIM-Auto/full/seed_29/history.json
SIM-Auto,full,29,35,0.7615424791971842,0.4826790632588832,0.8712247296661966,0,49,4e6d9baa6fb71bba375db77cf9c72ec9b862a37434715b36277dd7265588d017,results/formal/SIM-Auto/full/seed_29/history.json
SIM-Auto,full,29,36,0.7379210491975149,0.48308814412312434,0.8734485190409027,0,49,4e6d9baa6fb71bba375db77cf9c72ec9b862a37434715b36277dd7265588d017,results/formal/SIM-Auto/full/seed_29/history.json
SIM-Auto,full,29,37,0.7263909677664439,0.4922909568471865,0.8724565115185707,1,49,4e6d9baa6fb71bba375db77cf9c72ec9b862a37434715b36277dd7265588d017,results/formal/SIM-Auto/full/seed_29/history.json
SIM-Auto,full,29,38,0.7258802453676859,0.4783940782374348,0.8676422190879172,0,49,4e6d9baa6fb71bba375db77cf9c72ec9b862a37434715b36277dd7265588d017,results/formal/SIM-Auto/full/seed_29/history.json
SIM-Auto,full,29,39,0.7262913684050242,0.459836143930964,0.8669370004701458,0,49,4e6d9baa6fb71bba375db77cf9c72ec9b862a37434715b36277dd7265588d017,results/formal/SIM-Auto/full/seed_29/history.json
SIM-Auto,full,29,40,0.7257978320121765,0.46840691273389884,0.8667301363422661,0,49,4e6d9baa6fb71bba375db77cf9c72ec9b862a37434715b36277dd7265588d017,results/formal/SIM-Auto/full/seed_29/history.json
SIM-Auto,full,29,41,0.7133511602878571,0.4647932229666306,0.8666737188528444,0,49,4e6d9baa6fb71bba375db77cf9c72ec9b862a37434715b36277dd7265588d017,results/formal/SIM-Auto/full/seed_29/history.json
SIM-Auto,full,29,42,0.7356183330217997,0.4603750932747576,0.8685966149506347,0,49,4e6d9baa6fb71bba375db77cf9c72ec9b862a37434715b36277dd7265588d017,results/formal/SIM-Auto/full/seed_29/history.json
SIM-Auto,full,29,43,0.7128567894299825,0.47504462019917537,0.8694193700047015,0,49,4e6d9baa6fb71bba375db77cf9c72ec9b862a37434715b36277dd7265588d017,results/formal/SIM-Auto/full/seed_29/history.json
SIM-Auto,full,29,44,0.7030063271522522,0.4628221990934263,0.8667066290550072,0,49,4e6d9baa6fb71bba375db77cf9c72ec9b862a37434715b36277dd7265588d017,results/formal/SIM-Auto/full/seed_29/history.json
SIM-Auto,full,29,45,0.6992892126242319,0.46468860026181563,0.8668852844381758,0,49,4e6d9baa6fb71bba375db77cf9c72ec9b862a37434715b36277dd7265588d017,results/formal/SIM-Auto/full/seed_29/history.json
SIM-Auto,full,29,46,0.6940924127896627,0.4645959328204473,0.8664715561824166,0,49,4e6d9baa6fb71bba375db77cf9c72ec9b862a37434715b36277dd7265588d017,results/formal/SIM-Auto/full/seed_29/history.json
SIM-Auto,full,29,47,0.6964832146962484,0.45643393285581946,0.8653291020216267,0,49,4e6d9baa6fb71bba375db77cf9c72ec9b862a37434715b36277dd7265588d017,results/formal/SIM-Auto/full/seed_29/history.json
SIM-Auto,full,29,48,0.6814608772595724,0.45678241574515444,0.8612247296661966,0,49,4e6d9baa6fb71bba375db77cf9c72ec9b862a37434715b36277dd7265588d017,results/formal/SIM-Auto/full/seed_29/history.json
SIM-Auto,full,29,49,0.6627693474292755,0.4618567739271124,0.8643276915843912,0,49,4e6d9baa6fb71bba375db77cf9c72ec9b862a37434715b36277dd7265588d017,results/formal/SIM-Auto/full/seed_29/history.json
SIM-Auto,full,43,1,1.32429172595342,0.32613312900713837,0.7863070051716032,0,32,4e6d9baa6fb71bba375db77cf9c72ec9b862a37434715b36277dd7265588d017,results/formal/SIM-Auto/full/seed_43/history.json
SIM-Auto,full,43,2,1.1269461512565613,0.36330545067508485,0.8101786553831689,0,32,4e6d9baa6fb71bba375db77cf9c72ec9b862a37434715b36277dd7265588d017,results/formal/SIM-Auto/full/seed_43/history.json
SIM-Auto,full,43,3,1.037455250819524,0.38258535934896754,0.8128749412317818,0,32,4e6d9baa6fb71bba375db77cf9c72ec9b862a37434715b36277dd7265588d017,results/formal/SIM-Auto/full/seed_43/history.json
SIM-Auto,full,43,4,1.0286041299502056,0.36866024531933606,0.8132722143864598,0,32,4e6d9baa6fb71bba375db77cf9c72ec9b862a37434715b36277dd7265588d017,results/formal/SIM-Auto/full/seed_43/history.json
SIM-Auto,full,43,5,1.0108463366826375,0.3774010708020981,0.8144992947813823,0,32,4e6d9baa6fb71bba375db77cf9c72ec9b862a37434715b36277dd7265588d017,results/formal/SIM-Auto/full/seed_43/history.json
SIM-Auto,full,43,6,1.0085220833619435,0.3761099915645319,0.8146826516220027,0,32,4e6d9baa6fb71bba375db77cf9c72ec9b862a37434715b36277dd7265588d017,results/formal/SIM-Auto/full/seed_43/history.json
SIM-Auto,full,43,7,1.0041055182615917,0.3828237234015208,0.8191678420310295,0,32,4e6d9baa6fb71bba375db77cf9c72ec9b862a37434715b36277dd7265588d017,results/formal/SIM-Auto/full/seed_43/history.json
SIM-Auto,full,43,8,0.9903927644093832,0.3929791866766545,0.8217183826986365,0,32,4e6d9baa6fb71bba375db77cf9c72ec9b862a37434715b36277dd7265588d017,results/formal/SIM-Auto/full/seed_43/history.json
SIM-Auto,full,43,9,0.9852036833763123,0.3880287006391173,0.8221438645980254,0,32,4e6d9baa6fb71bba375db77cf9c72ec9b862a37434715b36277dd7265588d017,results/formal/SIM-Auto/full/seed_43/history.json
SIM-Auto,full,43,10,0.9789162576198578,0.39452960978311485,0.8230465444287729,0,32,4e6d9baa6fb71bba375db77cf9c72ec9b862a37434715b36277dd7265588d017,results/formal/SIM-Auto/full/seed_43/history.json
SIM-Auto,full,43,11,0.9691208004951477,0.4121982026239332,0.8273577809120827,0,32,4e6d9baa6fb71bba375db77cf9c72ec9b862a37434715b36277dd7265588d017,results/formal/SIM-Auto/full/seed_43/history.json
SIM-Auto,full,43,12,0.955897202094396,0.40878446042714733,0.8294264221908793,0,32,4e6d9baa6fb71bba375db77cf9c72ec9b862a37434715b36277dd7265588d017,results/formal/SIM-Auto/full/seed_43/history.json
SIM-Auto,full,43,13,0.9256891906261444,0.4190840231593776,0.8340667606958156,0,32,4e6d9baa6fb71bba375db77cf9c72ec9b862a37434715b36277dd7265588d017,results/formal/SIM-Auto/full/seed_43/history.json
SIM-Auto,full,43,14,0.9228913287321726,0.43093869832770826,0.8410319699106723,0,32,4e6d9baa6fb71bba375db77cf9c72ec9b862a37434715b36277dd7265588d017,results/formal/SIM-Auto/full/seed_43/history.json
SIM-Auto,full,43,15,0.9131235281626383,0.431766028098385,0.8461824165491303,0,32,4e6d9baa6fb71bba375db77cf9c72ec9b862a37434715b36277dd7265588d017,results/formal/SIM-Auto/full/seed_43/history.json
SIM-Auto,full,43,16,0.8816035191218058,0.4407524097576167,0.8525105782792666,0,32,4e6d9baa6fb71bba375db77cf9c72ec9b862a37434715b36277dd7265588d017,results/formal/SIM-Auto/full/seed_43/history.json
SIM-Auto,full,43,17,0.8788626293341318,0.4592435768326816,0.8590879172543489,0,32,4e6d9baa6fb71bba375db77cf9c72ec9b862a37434715b36277dd7265588d017,results/formal/SIM-Auto/full/seed_43/history.json
SIM-Auto,full,43,18,0.8646978636582693,0.45767134860767866,0.8612952515279737,0,32,4e6d9baa6fb71bba375db77cf9c72ec9b862a37434715b36277dd7265588d017,results/formal/SIM-Auto/full/seed_43/history.json
SIM-Auto,full,43,19,0.8409153521060944,0.4492350941535988,0.8623107663375646,0,32,4e6d9baa6fb71bba375db77cf9c72ec9b862a37434715b36277dd7265588d017,results/formal/SIM-Auto/full/seed_43/history.json
SIM-Auto,full,43,20,0.8300624887148539,0.48403279230698204,0.8726069581570286,1,32,4e6d9baa6fb71bba375db77cf9c72ec9b862a37434715b36277dd7265588d017,results/formal/SIM-Auto/full/seed_43/history.json
SIM-Auto,full,43,21,0.8238391876220703,0.45600528639911275,0.8630089327691585,0,32,4e6d9baa6fb71bba375db77cf9c72ec9b862a37434715b36277dd7265588d017,results/formal/SIM-Auto/full/seed_43/history.json
SIM-Auto,full,43,22,0.8018248279889425,0.47410070613725425,0.868885754583921,0,32,4e6d9baa6fb71bba375db77cf9c72ec9b862a37434715b36277dd7265588d017,results/formal/SIM-Auto/full/seed_43/history.json
SIM-Auto,full,43,23,0.8023740351200104,0.47742051825387616,0.8722237893747061,0,32,4e6d9baa6fb71bba375db77cf9c72ec9b862a37434715b36277dd7265588d017,results/formal/SIM-Auto/full/seed_43/history.json
SIM-Auto,full,43,24,0.7969637314478556,0.4833101193450142,0.8729102021626705,0,32,4e6d9baa6fb71bba375db77cf9c72ec9b862a37434715b36277dd7265588d017,results/formal/SIM-Auto/full/seed_43/history.json
SIM-Auto,full,43,25,0.7778139710426331,0.47755778659772036,0.8719417019275976,0,32,4e6d9baa6fb71bba375db77cf9c72ec9b862a37434715b36277dd7265588d017,results/formal/SIM-Auto/full/seed_43/history.json
SIM-Auto,full,43,26,0.7778281966845194,0.4830008734327613,0.8720780441937,0,32,4e6d9baa6fb71bba375db77cf9c72ec9b862a37434715b36277dd7265588d017,results/formal/SIM-Auto/full/seed_43/history.json
SIM-Auto,full,43,27,0.7753036717573801,0.47995028552459873,0.8731640808650681,0,32,4e6d9baa6fb71bba375db77cf9c72ec9b862a37434715b36277dd7265588d017,results/formal/SIM-Auto/full/seed_43/history.json
SIM-Auto,full,43,28,0.7563798824946085,0.48247832185060263,0.8693700047014574,0,32,4e6d9baa6fb71bba375db77cf9c72ec9b862a37434715b36277dd7265588d017,results/formal/SIM-Auto/full/seed_43/history.json
SIM-Auto,full,43,29,0.7504248023033142,0.48343754254934096,0.871758345086977,0,32,4e6d9baa6fb71bba375db77cf9c72ec9b862a37434715b36277dd7265588d017,results/formal/SIM-Auto/full/seed_43/history.json
SIM-Auto,full,43,30,0.7447315553824106,0.4701685722153476,0.867994828396803,0,32,4e6d9baa6fb71bba375db77cf9c72ec9b862a37434715b36277dd7265588d017,results/formal/SIM-Auto/full/seed_43/history.json
SIM-Auto,full,43,31,0.7417412499586741,0.4811504942300377,0.8709896567936061,0,32,4e6d9baa6fb71bba375db77cf9c72ec9b862a37434715b36277dd7265588d017,results/formal/SIM-Auto/full/seed_43/history.json
SIM-Auto,full,43,32,0.7401451369126638,0.47115985799664406,0.86762341325811,0,32,4e6d9baa6fb71bba375db77cf9c72ec9b862a37434715b36277dd7265588d017,results/formal/SIM-Auto/full/seed_43/history.json
SIM-Auto,full,71,1,1.353758692741394,0.24171260128861854,0.7894358251057828,0,43,4e6d9baa6fb71bba375db77cf9c72ec9b862a37434715b36277dd7265588d017,results/formal/SIM-Auto/full/seed_71/history.json
SIM-Auto,full,71,2,1.1709658304850261,0.38489061101431365,0.8069205453690644,0,43,4e6d9baa6fb71bba375db77cf9c72ec9b862a37434715b36277dd7265588d017,results/formal/SIM-Auto/full/seed_71/history.json
SIM-Auto,full,71,3,1.0727975765864055,0.40609922540344967,0.8169111424541607,0,43,4e6d9baa6fb71bba375db77cf9c72ec9b862a37434715b36277dd7265588d017,results/formal/SIM-Auto/full/seed_71/history.json
SIM-Auto,full,71,4,1.0311650435129802,0.411381564425803,0.8195815702867889,0,43,4e6d9baa6fb71bba375db77cf9c72ec9b862a37434715b36277dd7265588d017,results/formal/SIM-Auto/full/seed_71/history.json
SIM-Auto,full,71,5,1.0071405470371246,0.3955219138053565,0.8226234132581101,0,43,4e6d9baa6fb71bba375db77cf9c72ec9b862a37434715b36277dd7265588d017,results/formal/SIM-Auto/full/seed_71/history.json
SIM-Auto,full,71,6,1.0062142610549927,0.39009863621575314,0.8244334743770569,0,43,4e6d9baa6fb71bba375db77cf9c72ec9b862a37434715b36277dd7265588d017,results/formal/SIM-Auto/full/seed_71/history.json
SIM-Auto,full,71,7,0.9957639972368876,0.3996642966898357,0.8285331452750353,0,43,4e6d9baa6fb71bba375db77cf9c72ec9b862a37434715b36277dd7265588d017,results/formal/SIM-Auto/full/seed_71/history.json
SIM-Auto,full,71,8,0.9894505739212036,0.4046044260077456,0.8285284438175835,0,43,4e6d9baa6fb71bba375db77cf9c72ec9b862a37434715b36277dd7265588d017,results/formal/SIM-Auto/full/seed_71/history.json
SIM-Auto,full,71,9,0.9710434079170227,0.41204445475375545,0.8422896097790316,0,43,4e6d9baa6fb71bba375db77cf9c72ec9b862a37434715b36277dd7265588d017,results/formal/SIM-Auto/full/seed_71/history.json
SIM-Auto,full,71,10,0.9549431602160136,0.4141877679184853,0.8407216737188529,0,43,4e6d9baa6fb71bba375db77cf9c72ec9b862a37434715b36277dd7265588d017,results/formal/SIM-Auto/full/seed_71/history.json
SIM-Auto,full,71,11,0.9336328109105428,0.42634154712214267,0.853690644099671,0,43,4e6d9baa6fb71bba375db77cf9c72ec9b862a37434715b36277dd7265588d017,results/formal/SIM-Auto/full/seed_71/history.json
SIM-Auto,full,71,12,0.9194580713907877,0.4341135028488262,0.852327221438646,0,43,4e6d9baa6fb71bba375db77cf9c72ec9b862a37434715b36277dd7265588d017,results/formal/SIM-Auto/full/seed_71/history.json
SIM-Auto,full,71,13,0.902501126130422,0.4410417107666013,0.860594734367654,0,43,4e6d9baa6fb71bba375db77cf9c72ec9b862a37434715b36277dd7265588d017,results/formal/SIM-Auto/full/seed_71/history.json
SIM-Auto,full,71,14,0.8881984253724416,0.43689492060390334,0.8623671838269864,0,43,4e6d9baa6fb71bba375db77cf9c72ec9b862a37434715b36277dd7265588d017,results/formal/SIM-Auto/full/seed_71/history.json
SIM-Auto,full,71,15,0.8875561058521271,0.44865220237018794,0.8626821814762576,0,43,4e6d9baa6fb71bba375db77cf9c72ec9b862a37434715b36277dd7265588d017,results/formal/SIM-Auto/full/seed_71/history.json
SIM-Auto,full,71,16,0.8634653786818186,0.4548950163887289,0.8711542078044193,0,43,4e6d9baa6fb71bba375db77cf9c72ec9b862a37434715b36277dd7265588d017,results/formal/SIM-Auto/full/seed_71/history.json
SIM-Auto,full,71,17,0.8438733617464701,0.4636350909217005,0.8707075693464974,0,43,4e6d9baa6fb71bba375db77cf9c72ec9b862a37434715b36277dd7265588d017,results/formal/SIM-Auto/full/seed_71/history.json
SIM-Auto,full,71,18,0.8308038612206777,0.47630272359290776,0.8752397743300422,0,43,4e6d9baa6fb71bba375db77cf9c72ec9b862a37434715b36277dd7265588d017,results/formal/SIM-Auto/full/seed_71/history.json
SIM-Auto,full,71,19,0.8199249108632406,0.4619522303290549,0.871732487070992,0,43,4e6d9baa6fb71bba375db77cf9c72ec9b862a37434715b36277dd7265588d017,results/formal/SIM-Auto/full/seed_71/history.json
SIM-Auto,full,71,20,0.8092594544092814,0.48436809983428186,0.8747649271274095,0,43,4e6d9baa6fb71bba375db77cf9c72ec9b862a37434715b36277dd7265588d017,results/formal/SIM-Auto/full/seed_71/history.json
SIM-Auto,full,71,21,0.8084560533364614,0.4735478604862538,0.8712576398683591,0,43,4e6d9baa6fb71bba375db77cf9c72ec9b862a37434715b36277dd7265588d017,results/formal/SIM-Auto/full/seed_71/history.json
SIM-Auto,full,71,22,0.8136569460233053,0.4780017152478476,0.873787023977433,0,43,4e6d9baa6fb71bba375db77cf9c72ec9b862a37434715b36277dd7265588d017,results/formal/SIM-Auto/full/seed_71/history.json
SIM-Auto,full,71,23,0.7997472286224365,0.46813212605336285,0.8739797837329571,0,43,4e6d9baa6fb71bba375db77cf9c72ec9b862a37434715b36277dd7265588d017,results/formal/SIM-Auto/full/seed_71/history.json
SIM-Auto,full,71,24,0.8008132576942444,0.48181333101761736,0.8746661965209215,0,43,4e6d9baa6fb71bba375db77cf9c72ec9b862a37434715b36277dd7265588d017,results/formal/SIM-Auto/full/seed_71/history.json
SIM-Auto,full,71,25,0.7837481498718262,0.4773555506847337,0.8703267512929008,0,43,4e6d9baa6fb71bba375db77cf9c72ec9b862a37434715b36277dd7265588d017,results/formal/SIM-Auto/full/seed_71/history.json
SIM-Auto,full,71,26,0.800493856271108,0.47221274779212896,0.8737306064880114,0,43,4e6d9baa6fb71bba375db77cf9c72ec9b862a37434715b36277dd7265588d017,results/formal/SIM-Auto/full/seed_71/history.json
SIM-Auto,full,71,27,0.7968400915463766,0.482584580989797,0.8738246356370476,0,43,4e6d9baa6fb71bba375db77cf9c72ec9b862a37434715b36277dd7265588d017,results/formal/SIM-Auto/full/seed_71/history.json
SIM-Auto,full,71,28,0.814017246166865,0.4630929351369398,0.8703667136812412,0,43,4e6d9baa6fb71bba375db77cf9c72ec9b862a37434715b36277dd7265588d017,results/formal/SIM-Auto/full/seed_71/history.json
SIM-Auto,full,71,29,0.7800612151622772,0.49012975530189196,0.8736788904560413,0,43,4e6d9baa6fb71bba375db77cf9c72ec9b862a37434715b36277dd7265588d017,results/formal/SIM-Auto/full/seed_71/history.json
SIM-Auto,full,71,30,0.7802437841892242,0.4687208225330879,0.873688293370945,0,43,4e6d9baa6fb71bba375db77cf9c72ec9b862a37434715b36277dd7265588d017,results/formal/SIM-Auto/full/seed_71/history.json
SIM-Auto,full,71,31,0.7685401141643524,0.49436287423082487,0.8751786553831686,1,43,4e6d9baa6fb71bba375db77cf9c72ec9b862a37434715b36277dd7265588d017,results/formal/SIM-Auto/full/seed_71/history.json
SIM-Auto,full,71,32,0.764067550500234,0.4621031108266383,0.8671250587682182,0,43,4e6d9baa6fb71bba375db77cf9c72ec9b862a37434715b36277dd7265588d017,results/formal/SIM-Auto/full/seed_71/history.json
SIM-Auto,full,71,33,0.7621941467126211,0.47465293247178947,0.8712294311236484,0,43,4e6d9baa6fb71bba375db77cf9c72ec9b862a37434715b36277dd7265588d017,results/formal/SIM-Auto/full/seed_71/history.json
SIM-Auto,full,71,34,0.7791026135285696,0.4755898461891481,0.868093559003291,0,43,4e6d9baa6fb71bba375db77cf9c72ec9b862a37434715b36277dd7265588d017,results/formal/SIM-Auto/full/seed_71/history.json
SIM-Auto,full,71,35,0.7612655262152354,0.4712826452863815,0.8690150446638458,0,43,4e6d9baa6fb71bba375db77cf9c72ec9b862a37434715b36277dd7265588d017,results/formal/SIM-Auto/full/seed_71/history.json
SIM-Auto,full,71,36,0.7497981190681458,0.468293992985438,0.8696168312176775,0,43,4e6d9baa6fb71bba375db77cf9c72ec9b862a37434715b36277dd7265588d017,results/formal/SIM-Auto/full/seed_71/history.json
SIM-Auto,full,71,37,0.7605653802553812,0.46020105725011,0.8651128349788434,0,43,4e6d9baa6fb71bba375db77cf9c72ec9b862a37434715b36277dd7265588d017,results/formal/SIM-Auto/full/seed_71/history.json
SIM-Auto,full,71,38,0.7347128887971243,0.4481788121866179,0.8650611189468735,0,43,4e6d9baa6fb71bba375db77cf9c72ec9b862a37434715b36277dd7265588d017,results/formal/SIM-Auto/full/seed_71/history.json
SIM-Auto,full,71,39,0.7545687059561411,0.45171465584550796,0.8639327691584391,0,43,4e6d9baa6fb71bba375db77cf9c72ec9b862a37434715b36277dd7265588d017,results/formal/SIM-Auto/full/seed_71/history.json
SIM-Auto,full,71,40,0.7358915309111277,0.47189450617696277,0.8688034790785144,0,43,4e6d9baa6fb71bba375db77cf9c72ec9b862a37434715b36277dd7265588d017,results/formal/SIM-Auto/full/seed_71/history.json
SIM-Auto,full,71,41,0.7505720357100168,0.4371746710800784,0.8620944992947813,0,43,4e6d9baa6fb71bba375db77cf9c72ec9b862a37434715b36277dd7265588d017,results/formal/SIM-Auto/full/seed_71/history.json
SIM-Auto,full,71,42,0.7457178135712942,0.45685903464375677,0.8649670897978372,0,43,4e6d9baa6fb71bba375db77cf9c72ec9b862a37434715b36277dd7265588d017,results/formal/SIM-Auto/full/seed_71/history.json
SIM-Auto,full,71,43,0.7277639309565226,0.46195487033852717,0.8667536436295252,0,43,4e6d9baa6fb71bba375db77cf9c72ec9b862a37434715b36277dd7265588d017,results/formal/SIM-Auto/full/seed_71/history.json
SIM-Auto,full,101,1,1.4141694108645122,0.2004131491271466,0.754553361542078,0,39,4e6d9baa6fb71bba375db77cf9c72ec9b862a37434715b36277dd7265588d017,results/formal/SIM-Auto/full/seed_101/history.json
SIM-Auto,full,101,2,1.2075374523798625,0.26074496696377764,0.7987118006582041,0,39,4e6d9baa6fb71bba375db77cf9c72ec9b862a37434715b36277dd7265588d017,results/formal/SIM-Auto/full/seed_101/history.json
SIM-Auto,full,101,3,1.10203351577123,0.3821598440959126,0.813761165961448,0,39,4e6d9baa6fb71bba375db77cf9c72ec9b862a37434715b36277dd7265588d017,results/formal/SIM-Auto/full/seed_101/history.json
SIM-Auto,full,101,4,1.0490743517875671,0.38086026989113597,0.8113352139163141,0,39,4e6d9baa6fb71bba375db77cf9c72ec9b862a37434715b36277dd7265588d017,results/formal/SIM-Auto/full/seed_101/history.json
SIM-Auto,full,101,5,1.0371891558170319,0.3905070149700881,0.816680771039022,0,39,4e6d9baa6fb71bba375db77cf9c72ec9b862a37434715b36277dd7265588d017,results/formal/SIM-Auto/full/seed_101/history.json
SIM-Auto,full,101,6,1.0296139121055603,0.3890599949045511,0.8221485660554773,0,39,4e6d9baa6fb71bba375db77cf9c72ec9b862a37434715b36277dd7265588d017,results/formal/SIM-Auto/full/seed_101/history.json
SIM-Auto,full,101,7,0.9884413480758667,0.3935299674028582,0.8232299012693935,0,39,4e6d9baa6fb71bba375db77cf9c72ec9b862a37434715b36277dd7265588d017,results/formal/SIM-Auto/full/seed_101/history.json
SIM-Auto,full,101,8,1.0022201240062714,0.398360414599658,0.8241937000470145,0,39,4e6d9baa6fb71bba375db77cf9c72ec9b862a37434715b36277dd7265588d017,results/formal/SIM-Auto/full/seed_101/history.json
SIM-Auto,full,101,9,0.9826086362202963,0.4191623502125325,0.8331593794076164,0,39,4e6d9baa6fb71bba375db77cf9c72ec9b862a37434715b36277dd7265588d017,results/formal/SIM-Auto/full/seed_101/history.json
SIM-Auto,full,101,10,0.9574348529179891,0.41612422480015465,0.8340479548660085,0,39,4e6d9baa6fb71bba375db77cf9c72ec9b862a37434715b36277dd7265588d017,results/formal/SIM-Auto/full/seed_101/history.json
SIM-Auto,full,101,11,0.9548014005025228,0.42187150040170374,0.8403291020216268,0,39,4e6d9baa6fb71bba375db77cf9c72ec9b862a37434715b36277dd7265588d017,results/formal/SIM-Auto/full/seed_101/history.json
SIM-Auto,full,101,12,0.9321712056795756,0.4371683914145136,0.8547343676539727,0,39,4e6d9baa6fb71bba375db77cf9c72ec9b862a37434715b36277dd7265588d017,results/formal/SIM-Auto/full/seed_101/history.json
SIM-Auto,full,101,13,0.9382441937923431,0.43320491891416385,0.8554137282557592,0,39,4e6d9baa6fb71bba375db77cf9c72ec9b862a37434715b36277dd7265588d017,results/formal/SIM-Auto/full/seed_101/history.json
SIM-Auto,full,101,14,0.9440395931402842,0.4401387993168653,0.8608062999529854,0,39,4e6d9baa6fb71bba375db77cf9c72ec9b862a37434715b36277dd7265588d017,results/formal/SIM-Auto/full/seed_101/history.json
SIM-Auto,full,101,15,0.8996733327706655,0.4442458516371645,0.8550470145745181,0,39,4e6d9baa6fb71bba375db77cf9c72ec9b862a37434715b36277dd7265588d017,results/formal/SIM-Auto/full/seed_101/history.json
SIM-Auto,full,101,16,0.8846197923024496,0.41540553191866075,0.8632581100141044,0,39,4e6d9baa6fb71bba375db77cf9c72ec9b862a37434715b36277dd7265588d017,results/formal/SIM-Auto/full/seed_101/history.json
SIM-Auto,full,101,17,0.857101152340571,0.45507243250982726,0.8705618241654913,0,39,4e6d9baa6fb71bba375db77cf9c72ec9b862a37434715b36277dd7265588d017,results/formal/SIM-Auto/full/seed_101/history.json
SIM-Auto,full,101,18,0.8401620090007782,0.4642064152772528,0.8712341325811002,0,39,4e6d9baa6fb71bba375db77cf9c72ec9b862a37434715b36277dd7265588d017,results/formal/SIM-Auto/full/seed_101/history.json
SIM-Auto,full,101,19,0.8159440159797668,0.47495350958005855,0.8703643629525153,0,39,4e6d9baa6fb71bba375db77cf9c72ec9b862a37434715b36277dd7265588d017,results/formal/SIM-Auto/full/seed_101/history.json
SIM-Auto,full,101,20,0.8103293180465698,0.4767397323191828,0.8724047954866009,0,39,4e6d9baa6fb71bba375db77cf9c72ec9b862a37434715b36277dd7265588d017,results/formal/SIM-Auto/full/seed_101/history.json
SIM-Auto,full,101,21,0.8138254384199778,0.4788489274050303,0.8727338975082275,0,39,4e6d9baa6fb71bba375db77cf9c72ec9b862a37434715b36277dd7265588d017,results/formal/SIM-Auto/full/seed_101/history.json
SIM-Auto,full,101,22,0.8040876785914103,0.47861769423687045,0.8730582980724024,0,39,4e6d9baa6fb71bba375db77cf9c72ec9b862a37434715b36277dd7265588d017,results/formal/SIM-Auto/full/seed_101/history.json
SIM-Auto,full,101,23,0.7946678996086121,0.479527019321914,0.8755829807240245,0,39,4e6d9baa6fb71bba375db77cf9c72ec9b862a37434715b36277dd7265588d017,results/formal/SIM-Auto/full/seed_101/history.json
SIM-Auto,full,101,24,0.796288937330246,0.4836648991212755,0.8757381288199342,0,39,4e6d9baa6fb71bba375db77cf9c72ec9b862a37434715b36277dd7265588d017,results/formal/SIM-Auto/full/seed_101/history.json
SIM-Auto,full,101,25,0.7875397602717081,0.46257052460554343,0.8713187588152327,0,39,4e6d9baa6fb71bba375db77cf9c72ec9b862a37434715b36277dd7265588d017,results/formal/SIM-Auto/full/seed_101/history.json
SIM-Auto,full,101,26,0.777465303738912,0.45776960497884145,0.8678772919605078,0,39,4e6d9baa6fb71bba375db77cf9c72ec9b862a37434715b36277dd7265588d017,results/formal/SIM-Auto/full/seed_101/history.json
SIM-Auto,full,101,27,0.7727921307086945,0.48945286278912087,0.8736271744240715,1,39,4e6d9baa6fb71bba375db77cf9c72ec9b862a37434715b36277dd7265588d017,results/formal/SIM-Auto/full/seed_101/history.json
SIM-Auto,full,101,28,0.7695653041203817,0.48478602778011,0.8731523272214387,0,39,4e6d9baa6fb71bba375db77cf9c72ec9b862a37434715b36277dd7265588d017,results/formal/SIM-Auto/full/seed_101/history.json
SIM-Auto,full,101,29,0.778499980767568,0.4712976476938845,0.8730018805829807,0,39,4e6d9baa6fb71bba375db77cf9c72ec9b862a37434715b36277dd7265588d017,results/formal/SIM-Auto/full/seed_101/history.json
SIM-Auto,full,101,30,0.7637473444143931,0.4795465190488292,0.8685919134931829,0,39,4e6d9baa6fb71bba375db77cf9c72ec9b862a37434715b36277dd7265588d017,results/formal/SIM-Auto/full/seed_101/history.json
SIM-Auto,full,101,31,0.7615537544091543,0.4504109145537733,0.863787023977433,0,39,4e6d9baa6fb71bba375db77cf9c72ec9b862a37434715b36277dd7265588d017,results/formal/SIM-Auto/full/seed_101/history.json
SIM-Auto,full,101,32,0.7614920238653818,0.4764709596492566,0.8733450869769629,0,39,4e6d9baa6fb71bba375db77cf9c72ec9b862a37434715b36277dd7265588d017,results/formal/SIM-Auto/full/seed_101/history.json
SIM-Auto,full,101,33,0.7376846075057983,0.461767589288281,0.8625552421250589,0,39,4e6d9baa6fb71bba375db77cf9c72ec9b862a37434715b36277dd7265588d017,results/formal/SIM-Auto/full/seed_101/history.json
SIM-Auto,full,101,34,0.7464286188284556,0.45509148463048427,0.8658039492242595,0,39,4e6d9baa6fb71bba375db77cf9c72ec9b862a37434715b36277dd7265588d017,results/formal/SIM-Auto/full/seed_101/history.json
SIM-Auto,full,101,35,0.7300917009512583,0.47918024973293744,0.8720192759755524,0,39,4e6d9baa6fb71bba375db77cf9c72ec9b862a37434715b36277dd7265588d017,results/formal/SIM-Auto/full/seed_101/history.json
SIM-Auto,full,101,36,0.7415780127048492,0.43763149453528133,0.8632792665726374,0,39,4e6d9baa6fb71bba375db77cf9c72ec9b862a37434715b36277dd7265588d017,results/formal/SIM-Auto/full/seed_101/history.json
SIM-Auto,full,101,37,0.7543637454509735,0.4629614776055505,0.8647602256699576,0,39,4e6d9baa6fb71bba375db77cf9c72ec9b862a37434715b36277dd7265588d017,results/formal/SIM-Auto/full/seed_101/history.json
SIM-Auto,full,101,38,0.7129785120487213,0.4556978780695869,0.8620944992947814,0,39,4e6d9baa6fb71bba375db77cf9c72ec9b862a37434715b36277dd7265588d017,results/formal/SIM-Auto/full/seed_101/history.json
SIM-Auto,full,101,39,0.6959864397843679,0.4584362323586932,0.8619017395392572,0,39,4e6d9baa6fb71bba375db77cf9c72ec9b862a37434715b36277dd7265588d017,results/formal/SIM-Auto/full/seed_101/history.json
SIM-Energy,full,17,1,1.370472490787506,0.22708088180991567,0.7737081095258651,0,17,2ea23baaa883ac186aaa5b8c96004e77f63a0be974c8180f9bab964e9fcc4676,results/formal/SIM-Energy/full/seed_17/history.json
SIM-Energy,full,17,2,1.2314841548601787,0.2829980726975132,0.7891009633511287,0,17,2ea23baaa883ac186aaa5b8c96004e77f63a0be974c8180f9bab964e9fcc4676,results/formal/SIM-Energy/full/seed_17/history.json
SIM-Energy,full,17,3,1.1599735617637634,0.2974021384824746,0.7876529313086384,0,17,2ea23baaa883ac186aaa5b8c96004e77f63a0be974c8180f9bab964e9fcc4676,results/formal/SIM-Energy/full/seed_17/history.json
SIM-Energy,full,17,4,1.1165452599525452,0.3122548880267626,0.7826531225581536,0,17,2ea23baaa883ac186aaa5b8c96004e77f63a0be974c8180f9bab964e9fcc4676,results/formal/SIM-Energy/full/seed_17/history.json
SIM-Energy,full,17,5,1.1092039148012798,0.3312204531308698,0.7923795264662008,1,17,2ea23baaa883ac186aaa5b8c96004e77f63a0be974c8180f9bab964e9fcc4676,results/formal/SIM-Energy/full/seed_17/history.json
SIM-Energy,full,17,6,1.1127241849899292,0.32800118688964414,0.7874890031528848,0,17,2ea23baaa883ac186aaa5b8c96004e77f63a0be974c8180f9bab964e9fcc4676,results/formal/SIM-Energy/full/seed_17/history.json
SIM-Energy,full,17,7,1.0801922877629597,0.3253028818891054,0.7905489953936188,0,17,2ea23baaa883ac186aaa5b8c96004e77f63a0be974c8180f9bab964e9fcc4676,results/formal/SIM-Energy/full/seed_17/history.json
SIM-Energy,full,17,8,1.0763977468013763,0.31955779645729465,0.7915708142311496,0,17,2ea23baaa883ac186aaa5b8c96004e77f63a0be974c8180f9bab964e9fcc4676,results/formal/SIM-Energy/full/seed_17/history.json
SIM-Energy,full,17,9,1.0577579736709595,0.31526387492735436,0.7946253422000251,0,17,2ea23baaa883ac186aaa5b8c96004e77f63a0be974c8180f9bab964e9fcc4676,results/formal/SIM-Energy/full/seed_17/history.json
SIM-Energy,full,17,10,1.0651071965694427,0.31541418200067267,0.7955815897752545,0,17,2ea23baaa883ac186aaa5b8c96004e77f63a0be974c8180f9bab964e9fcc4676,results/formal/SIM-Energy/full/seed_17/history.json
SIM-Energy,full,17,11,1.048825780550639,0.31904160852702235,0.7960187315239308,0,17,2ea23baaa883ac186aaa5b8c96004e77f63a0be974c8180f9bab964e9fcc4676,results/formal/SIM-Energy/full/seed_17/history.json
SIM-Energy,full,17,12,1.0434283018112183,0.3183810881335486,0.8018272525094668,0,17,2ea23baaa883ac186aaa5b8c96004e77f63a0be974c8180f9bab964e9fcc4676,results/formal/SIM-Energy/full/seed_17/history.json
SIM-Energy,full,17,13,1.0359453558921814,0.31080667992887206,0.8042588534864786,0,17,2ea23baaa883ac186aaa5b8c96004e77f63a0be974c8180f9bab964e9fcc4676,results/formal/SIM-Energy/full/seed_17/history.json
SIM-Energy,full,17,14,1.0626293122768402,0.31253442636617057,0.8133568661308037,0,17,2ea23baaa883ac186aaa5b8c96004e77f63a0be974c8180f9bab964e9fcc4676,results/formal/SIM-Energy/full/seed_17/history.json
SIM-Energy,full,17,15,1.047414521376292,0.3034109071957413,0.8099744818504211,0,17,2ea23baaa883ac186aaa5b8c96004e77f63a0be974c8180f9bab964e9fcc4676,results/formal/SIM-Energy/full/seed_17/history.json
SIM-Energy,full,17,16,1.0302565395832062,0.3038647957932825,0.8103078024337866,0,17,2ea23baaa883ac186aaa5b8c96004e77f63a0be974c8180f9bab964e9fcc4676,results/formal/SIM-Energy/full/seed_17/history.json
SIM-Energy,full,17,17,1.0111605326334636,0.28400764913819987,0.8140180430256766,0,17,2ea23baaa883ac186aaa5b8c96004e77f63a0be974c8180f9bab964e9fcc4676,results/formal/SIM-Energy/full/seed_17/history.json
SIM-Energy,full,29,1,1.3849641879399617,0.20054977270846197,0.7704541356341561,0,21,2ea23baaa883ac186aaa5b8c96004e77f63a0be974c8180f9bab964e9fcc4676,results/formal/SIM-Energy/full/seed_29/history.json
SIM-Energy,full,29,2,1.2028348048528035,0.23537145600445908,0.7849317239231286,0,21,2ea23baaa883ac186aaa5b8c96004e77f63a0be974c8180f9bab964e9fcc4676,results/formal/SIM-Energy/full/seed_29/history.json
SIM-Energy,full,29,3,1.1400779485702515,0.28274326445685016,0.7790576316752911,0,21,2ea23baaa883ac186aaa5b8c96004e77f63a0be974c8180f9bab964e9fcc4676,results/formal/SIM-Energy/full/seed_29/history.json
SIM-Energy,full,29,4,1.1252630949020386,0.29766934669195466,0.7906582808307879,0,21,2ea23baaa883ac186aaa5b8c96004e77f63a0be974c8180f9bab964e9fcc4676,results/formal/SIM-Energy/full/seed_29/history.json
SIM-Energy,full,29,5,1.110798845688502,0.2990400857151272,0.7945925565688745,0,21,2ea23baaa883ac186aaa5b8c96004e77f63a0be974c8180f9bab964e9fcc4676,results/formal/SIM-Energy/full/seed_29/history.json
SIM-Energy,full,29,6,1.0839943488438923,0.29192272294856875,0.7810138410006175,0,21,2ea23baaa883ac186aaa5b8c96004e77f63a0be974c8180f9bab964e9fcc4676,results/formal/SIM-Energy/full/seed_29/history.json
SIM-Energy,full,29,7,1.0918071269989014,0.31172756300347904,0.7892266416038731,0,21,2ea23baaa883ac186aaa5b8c96004e77f63a0be974c8180f9bab964e9fcc4676,results/formal/SIM-Energy/full/seed_29/history.json
SIM-Energy,full,29,8,1.083503504594167,0.31366558980572784,0.7895982120902479,0,21,2ea23baaa883ac186aaa5b8c96004e77f63a0be974c8180f9bab964e9fcc4676,results/formal/SIM-Energy/full/seed_29/history.json
SIM-Energy,full,29,9,1.0706224640210469,0.3172390480538652,0.7907948876272493,1,21,2ea23baaa883ac186aaa5b8c96004e77f63a0be974c8180f9bab964e9fcc4676,results/formal/SIM-Energy/full/seed_29/history.json
SIM-Energy,full,29,10,1.060156335433324,0.31264684206286186,0.7955597326878208,0,21,2ea23baaa883ac186aaa5b8c96004e77f63a0be974c8180f9bab964e9fcc4676,results/formal/SIM-Energy/full/seed_29/history.json
SIM-Energy,full,29,11,1.0573625961939495,0.2948212774799319,0.8010677187211418,0,21,2ea23baaa883ac186aaa5b8c96004e77f63a0be974c8180f9bab964e9fcc4676,results/formal/SIM-Energy/full/seed_29/history.json
SIM-Energy,full,29,12,1.0478179852167766,0.29969784956595263,0.7984776538602348,0,21,2ea23baaa883ac186aaa5b8c96004e77f63a0be974c8180f9bab964e9fcc4676,results/formal/SIM-Energy/full/seed_29/history.json
SIM-Energy,full,29,13,1.0287566979726155,0.3066045887703698,0.8093788762178495,0,21,2ea23baaa883ac186aaa5b8c96004e77f63a0be974c8180f9bab964e9fcc4676,results/formal/SIM-Energy/full/seed_29/history.json
SIM-Energy,full,29,14,1.022779534260432,0.3120225547025351,0.8146409700175402,0,21,2ea23baaa883ac186aaa5b8c96004e77f63a0be974c8180f9bab964e9fcc4676,results/formal/SIM-Energy/full/seed_29/history.json
SIM-Energy,full,29,15,1.01132728656133,0.28831042792174916,0.821263667509986,0,21,2ea23baaa883ac186aaa5b8c96004e77f63a0be974c8180f9bab964e9fcc4676,results/formal/SIM-Energy/full/seed_29/history.json
SIM-Energy,full,29,16,0.9996100664138794,0.2885583150849639,0.8183566748812887,0,21,2ea23baaa883ac186aaa5b8c96004e77f63a0be974c8180f9bab964e9fcc4676,results/formal/SIM-Energy/full/seed_29/history.json
SIM-Energy,full,29,17,0.9845612545808157,0.31053097920752704,0.8220013442108771,0,21,2ea23baaa883ac186aaa5b8c96004e77f63a0be974c8180f9bab964e9fcc4676,results/formal/SIM-Energy/full/seed_29/history.json
SIM-Energy,full,29,18,0.985998292764028,0.2899351860189711,0.8254110498505522,0,21,2ea23baaa883ac186aaa5b8c96004e77f63a0be974c8180f9bab964e9fcc4676,results/formal/SIM-Energy/full/seed_29/history.json
SIM-Energy,full,29,19,0.9808135032653809,0.3015580504962083,0.8288863267525285,0,21,2ea23baaa883ac186aaa5b8c96004e77f63a0be974c8180f9bab964e9fcc4676,results/formal/SIM-Energy/full/seed_29/history.json
SIM-Energy,full,29,20,0.9813401301701864,0.29957070282535025,0.8303890015136033,0,21,2ea23baaa883ac186aaa5b8c96004e77f63a0be974c8180f9bab964e9fcc4676,results/formal/SIM-Energy/full/seed_29/history.json
SIM-Energy,full,29,21,0.9621716241041819,0.31091207633127493,0.8307223220969688,0,21,2ea23baaa883ac186aaa5b8c96004e77f63a0be974c8180f9bab964e9fcc4676,results/formal/SIM-Energy/full/seed_29/history.json
SIM-Energy,full,43,1,1.3473464250564575,0.2911470159220455,0.7818416781871731,0,16,2ea23baaa883ac186aaa5b8c96004e77f63a0be974c8180f9bab964e9fcc4676,results/formal/SIM-Energy/full/seed_43/history.json
SIM-Energy,full,43,2,1.1589333812395732,0.2925473204053047,0.7863333096548218,0,16,2ea23baaa883ac186aaa5b8c96004e77f63a0be974c8180f9bab964e9fcc4676,results/formal/SIM-Energy/full/seed_43/history.json
SIM-Energy,full,43,3,1.1236375371615093,0.28233679243326903,0.7704322785467224,0,16,2ea23baaa883ac186aaa5b8c96004e77f63a0be974c8180f9bab964e9fcc4676,results/formal/SIM-Energy/full/seed_43/history.json
SIM-Energy,full,43,4,1.1066526969273884,0.324245736101786,0.7963192664761457,1,16,2ea23baaa883ac186aaa5b8c96004e77f63a0be974c8180f9bab964e9fcc4676,results/formal/SIM-Energy/full/seed_43/history.json
SIM-Energy,full,43,5,1.1008239189783733,0.3147529352496643,0.7813744829432753,0,16,2ea23baaa883ac186aaa5b8c96004e77f63a0be974c8180f9bab964e9fcc4676,results/formal/SIM-Energy/full/seed_43/history.json
SIM-Energy,full,43,6,1.089069942633311,0.3141722403306639,0.7907511734523817,0,16,2ea23baaa883ac186aaa5b8c96004e77f63a0be974c8180f9bab964e9fcc4676,results/formal/SIM-Energy/full/seed_43/history.json
SIM-Energy,full,43,7,1.0760640601317089,0.3092598359765176,0.7880682159698809,0,16,2ea23baaa883ac186aaa5b8c96004e77f63a0be974c8180f9bab964e9fcc4676,results/formal/SIM-Energy/full/seed_43/history.json
SIM-Energy,full,43,8,1.0682839353879292,0.30642994157077896,0.789827711508303,0,16,2ea23baaa883ac186aaa5b8c96004e77f63a0be974c8180f9bab964e9fcc4676,results/formal/SIM-Energy/full/seed_43/history.json
SIM-Energy,full,43,9,1.056179056564967,0.3140198862477132,0.7863852202374773,0,16,2ea23baaa883ac186aaa5b8c96004e77f63a0be974c8180f9bab964e9fcc4676,results/formal/SIM-Energy/full/seed_43/history.json
SIM-Energy,full,43,10,1.064545452594757,0.30494066339871573,0.7898878184987459,0,16,2ea23baaa883ac186aaa5b8c96004e77f63a0be974c8180f9bab964e9fcc4676,results/formal/SIM-Energy/full/seed_43/history.json
SIM-Energy,full,43,11,1.0643395086129506,0.31282741915104395,0.795297447638615,0,16,2ea23baaa883ac186aaa5b8c96004e77f63a0be974c8180f9bab964e9fcc4676,results/formal/SIM-Energy/full/seed_43/history.json
SIM-Energy,full,43,12,1.1023657321929932,0.305504173409657,0.7900899965575088,0,16,2ea23baaa883ac186aaa5b8c96004e77f63a0be974c8180f9bab964e9fcc4676,results/formal/SIM-Energy/full/seed_43/history.json
SIM-Energy,full,43,13,1.0442538062731426,0.29939249115858774,0.7942592359855087,0,16,2ea23baaa883ac186aaa5b8c96004e77f63a0be974c8180f9bab964e9fcc4676,results/formal/SIM-Energy/full/seed_43/history.json
SIM-Energy,full,43,14,1.054207940896352,0.31043139079739535,0.799575972503784,0,16,2ea23baaa883ac186aaa5b8c96004e77f63a0be974c8180f9bab964e9fcc4676,results/formal/SIM-Energy/full/seed_43/history.json
SIM-Energy,full,43,15,1.031881034374237,0.3092886856855461,0.8013463965859229,0,16,2ea23baaa883ac186aaa5b8c96004e77f63a0be974c8180f9bab964e9fcc4676,results/formal/SIM-Energy/full/seed_43/history.json
SIM-Energy,full,43,16,1.018675406773885,0.3029790675606849,0.8012808253236215,0,16,2ea23baaa883ac186aaa5b8c96004e77f63a0be974c8180f9bab964e9fcc4676,results/formal/SIM-Energy/full/seed_43/history.json
SIM-Energy,full,71,1,1.385421097278595,0.23590869646243295,0.7745851251591469,0,20,2ea23baaa883ac186aaa5b8c96004e77f63a0be974c8180f9bab964e9fcc4676,results/formal/SIM-Energy/full/seed_71/history.json
SIM-Energy,full,71,2,1.2405453125635784,0.2662917153949697,0.7789811318692728,0,20,2ea23baaa883ac186aaa5b8c96004e77f63a0be974c8180f9bab964e9fcc4676,results/formal/SIM-Energy/full/seed_71/history.json
SIM-Energy,full,71,3,1.1833434303601582,0.3034994731225884,0.7796177195407826,0,20,2ea23baaa883ac186aaa5b8c96004e77f63a0be974c8180f9bab964e9fcc4676,results/formal/SIM-Energy/full/seed_71/history.json
SIM-Energy,full,71,4,1.137755314509074,0.2979578105851295,0.7901337107323764,0,20,2ea23baaa883ac186aaa5b8c96004e77f63a0be974c8180f9bab964e9fcc4676,results/formal/SIM-Energy/full/seed_71/history.json
SIM-Energy,full,71,5,1.126570741335551,0.3098185468521915,0.7919915631642505,0,20,2ea23baaa883ac186aaa5b8c96004e77f63a0be974c8180f9bab964e9fcc4676,results/formal/SIM-Energy/full/seed_71/history.json
SIM-Energy,full,71,6,1.1133861641089122,0.3122978930213232,0.790887780248843,0,20,2ea23baaa883ac186aaa5b8c96004e77f63a0be974c8180f9bab964e9fcc4676,results/formal/SIM-Energy/full/seed_71/history.json
SIM-Energy,full,71,7,1.095517675081889,0.32019834103623407,0.788647428786877,0,20,2ea23baaa883ac186aaa5b8c96004e77f63a0be974c8180f9bab964e9fcc4676,results/formal/SIM-Energy/full/seed_71/history.json
SIM-Energy,full,71,8,1.0902884900569916,0.3380691296080542,0.794237378898075,1,20,2ea23baaa883ac186aaa5b8c96004e77f63a0be974c8180f9bab964e9fcc4676,results/formal/SIM-Energy/full/seed_71/history.json
SIM-Energy,full,71,9,1.0859029293060303,0.3262493755959916,0.7927893468555848,0,20,2ea23baaa883ac186aaa5b8c96004e77f63a0be974c8180f9bab964e9fcc4676,results/formal/SIM-Energy/full/seed_71/history.json
SIM-Energy,full,71,10,1.0803137918313344,0.3156656805759329,0.7916746353964603,0,20,2ea23baaa883ac186aaa5b8c96004e77f63a0be974c8180f9bab964e9fcc4676,results/formal/SIM-Energy/full/seed_71/history.json
SIM-Energy,full,71,11,1.081882119178772,0.31647869400155193,0.7886911429617446,0,20,2ea23baaa883ac186aaa5b8c96004e77f63a0be974c8180f9bab964e9fcc4676,results/formal/SIM-Energy/full/seed_71/history.json
SIM-Energy,full,71,12,1.0562337636947632,0.32293300702980726,0.7910353155890213,0,20,2ea23baaa883ac186aaa5b8c96004e77f63a0be974c8180f9bab964e9fcc4676,results/formal/SIM-Energy/full/seed_71/history.json
SIM-Energy,full,71,13,1.0580664177735646,0.3156342564958475,0.795707268027999,0,20,2ea23baaa883ac186aaa5b8c96004e77f63a0be974c8180f9bab964e9fcc4676,results/formal/SIM-Energy/full/seed_71/history.json
SIM-Energy,full,71,14,1.0540908773740132,0.3192519231848107,0.7975377991005809,0,20,2ea23baaa883ac186aaa5b8c96004e77f63a0be974c8180f9bab964e9fcc4676,results/formal/SIM-Energy/full/seed_71/history.json
SIM-Energy,full,71,15,1.0377335051695507,0.30982602360244754,0.8043517461080724,0,20,2ea23baaa883ac186aaa5b8c96004e77f63a0be974c8180f9bab964e9fcc4676,results/formal/SIM-Energy/full/seed_71/history.json
SIM-Energy,full,71,16,1.033251682917277,0.32089322830447264,0.8075155595141169,0,20,2ea23baaa883ac186aaa5b8c96004e77f63a0be974c8180f9bab964e9fcc4676,results/formal/SIM-Energy/full/seed_71/history.json
SIM-Energy,full,71,17,1.0120077232519786,0.31199939362760143,0.8115481921456555,0,20,2ea23baaa883ac186aaa5b8c96004e77f63a0be974c8180f9bab964e9fcc4676,results/formal/SIM-Energy/full/seed_71/history.json
SIM-Energy,full,71,18,0.9996195634206136,0.29698269239716824,0.8149087193386045,0,20,2ea23baaa883ac186aaa5b8c96004e77f63a0be974c8180f9bab964e9fcc4676,results/formal/SIM-Energy/full/seed_71/history.json
SIM-Energy,full,71,19,0.9915556112925211,0.2997854968688017,0.8221543438229139,0,20,2ea23baaa883ac186aaa5b8c96004e77f63a0be974c8180f9bab964e9fcc4676,results/formal/SIM-Energy/full/seed_71/history.json
SIM-Energy,full,71,20,0.9851538836956024,0.30586378735900904,0.8285748632565968,0,20,2ea23baaa883ac186aaa5b8c96004e77f63a0be974c8180f9bab964e9fcc4676,results/formal/SIM-Energy/full/seed_71/history.json
SIM-Energy,full,101,1,1.3936898509661357,0.19835069964096924,0.758561147934232,0,20,2ea23baaa883ac186aaa5b8c96004e77f63a0be974c8180f9bab964e9fcc4676,results/formal/SIM-Energy/full/seed_101/history.json
SIM-Energy,full,101,2,1.246728539466858,0.2423614099826519,0.7693011742720224,0,20,2ea23baaa883ac186aaa5b8c96004e77f63a0be974c8180f9bab964e9fcc4676,results/formal/SIM-Energy/full/seed_101/history.json
SIM-Energy,full,101,3,1.1848004460334778,0.27366659089016226,0.785057402175873,0,20,2ea23baaa883ac186aaa5b8c96004e77f63a0be974c8180f9bab964e9fcc4676,results/formal/SIM-Energy/full/seed_101/history.json
SIM-Energy,full,101,4,1.1328763564427693,0.2923479141007951,0.7804455567273383,0,20,2ea23baaa883ac186aaa5b8c96004e77f63a0be974c8180f9bab964e9fcc4676,results/formal/SIM-Energy/full/seed_101/history.json
SIM-Energy,full,101,5,1.1288070281346638,0.2971840556639145,0.788357822378379,0,20,2ea23baaa883ac186aaa5b8c96004e77f63a0be974c8180f9bab964e9fcc4676,results/formal/SIM-Energy/full/seed_101/history.json
SIM-Energy,full,101,6,1.0994290312131245,0.3069081022292586,0.7869261831514642,0,20,2ea23baaa883ac186aaa5b8c96004e77f63a0be974c8180f9bab964e9fcc4676,results/formal/SIM-Energy/full/seed_101/history.json
SIM-Energy,full,101,7,1.092661738395691,0.3165661271786356,0.7914287431628297,0,20,2ea23baaa883ac186aaa5b8c96004e77f63a0be974c8180f9bab964e9fcc4676,results/formal/SIM-Energy/full/seed_101/history.json
SIM-Energy,full,101,8,1.0799675285816193,0.3224510864653135,0.7922893659805362,1,20,2ea23baaa883ac186aaa5b8c96004e77f63a0be974c8180f9bab964e9fcc4676,results/formal/SIM-Energy/full/seed_101/history.json
SIM-Energy,full,101,9,1.0728284418582916,0.31535511409748374,0.7848825454764026,0,20,2ea23baaa883ac186aaa5b8c96004e77f63a0be974c8180f9bab964e9fcc4676,results/formal/SIM-Energy/full/seed_101/history.json
SIM-Energy,full,101,10,1.0636698603630066,0.3144036699522065,0.7960405886113645,0,20,2ea23baaa883ac186aaa5b8c96004e77f63a0be974c8180f9bab964e9fcc4676,results/formal/SIM-Energy/full/seed_101/history.json
SIM-Energy,full,101,11,1.0557966033617656,0.3078352465581489,0.7989858311430711,0,20,2ea23baaa883ac186aaa5b8c96004e77f63a0be974c8180f9bab964e9fcc4676,results/formal/SIM-Energy/full/seed_101/history.json
SIM-Energy,full,101,12,1.0505440533161163,0.31021769026143803,0.7975596561880146,0,20,2ea23baaa883ac186aaa5b8c96004e77f63a0be974c8180f9bab964e9fcc4676,results/formal/SIM-Energy/full/seed_101/history.json
SIM-Energy,full,101,13,1.0368558963139851,0.30065272611974475,0.8093187692274066,0,20,2ea23baaa883ac186aaa5b8c96004e77f63a0be974c8180f9bab964e9fcc4676,results/formal/SIM-Energy/full/seed_101/history.json
SIM-Energy,full,101,14,1.033730834722519,0.3046443165235699,0.8083871108755403,0,20,2ea23baaa883ac186aaa5b8c96004e77f63a0be974c8180f9bab964e9fcc4676,results/formal/SIM-Energy/full/seed_101/history.json
SIM-Energy,full,101,15,1.0293439825375874,0.3084342538101289,0.8179277295404002,0,20,2ea23baaa883ac186aaa5b8c96004e77f63a0be974c8180f9bab964e9fcc4676,results/formal/SIM-Energy/full/seed_101/history.json
SIM-Energy,full,101,16,0.9910242656866709,0.27870403250472864,0.8139114897244368,0,20,2ea23baaa883ac186aaa5b8c96004e77f63a0be974c8180f9bab964e9fcc4676,results/formal/SIM-Energy/full/seed_101/history.json
SIM-Energy,full,101,17,0.9734355310599009,0.29898388303452156,0.823239001786817,0,20,2ea23baaa883ac186aaa5b8c96004e77f63a0be974c8180f9bab964e9fcc4676,results/formal/SIM-Energy/full/seed_101/history.json
SIM-Energy,full,101,18,0.9804136653741201,0.29371887608950387,0.8263044582994092,0,20,2ea23baaa883ac186aaa5b8c96004e77f63a0be974c8180f9bab964e9fcc4676,results/formal/SIM-Energy/full/seed_101/history.json
SIM-Energy,full,101,19,0.9698761602242788,0.2923982743922706,0.8311184818067068,0,20,2ea23baaa883ac186aaa5b8c96004e77f63a0be974c8180f9bab964e9fcc4676,results/formal/SIM-Energy/full/seed_101/history.json
SIM-Energy,full,101,20,0.9650345842043558,0.2936958465088942,0.82637276169764,0,20,2ea23baaa883ac186aaa5b8c96004e77f63a0be974c8180f9bab964e9fcc4676,results/formal/SIM-Energy/full/seed_101/history.json
SIM-Semi,full,17,1,1.3263503511746724,0.3211869617524842,0.7616202621472701,0,50,54f9fd516dd6bda7be62f0c16561e9f6c0fe5841c8997a04b3cc0ffc1a5dc5da,results/formal/SIM-Semi/full/seed_17/history.json
SIM-Semi,full,17,2,1.1965497334798176,0.37095721141584653,0.8122391050258808,0,50,54f9fd516dd6bda7be62f0c16561e9f6c0fe5841c8997a04b3cc0ffc1a5dc5da,results/formal/SIM-Semi/full/seed_17/history.json
SIM-Semi,full,17,3,1.1124579111735027,0.4446734342892791,0.8300147492625369,0,50,54f9fd516dd6bda7be62f0c16561e9f6c0fe5841c8997a04b3cc0ffc1a5dc5da,results/formal/SIM-Semi/full/seed_17/history.json
SIM-Semi,full,17,4,1.0416099329789479,0.5169341387121243,0.8422246340513163,0,50,54f9fd516dd6bda7be62f0c16561e9f6c0fe5841c8997a04b3cc0ffc1a5dc5da,results/formal/SIM-Semi/full/seed_17/history.json
SIM-Semi,full,17,5,1.0057145953178406,0.5445803967080124,0.8513872655423832,0,50,54f9fd516dd6bda7be62f0c16561e9f6c0fe5841c8997a04b3cc0ffc1a5dc5da,results/formal/SIM-Semi/full/seed_17/history.json
SIM-Semi,full,17,6,0.9765870968500773,0.5494641491525899,0.8518238297990761,0,50,54f9fd516dd6bda7be62f0c16561e9f6c0fe5841c8997a04b3cc0ffc1a5dc5da,results/formal/SIM-Semi/full/seed_17/history.json
SIM-Semi,full,17,7,0.9790154794851939,0.5477562122090338,0.850108880169199,0,50,54f9fd516dd6bda7be62f0c16561e9f6c0fe5841c8997a04b3cc0ffc1a5dc5da,results/formal/SIM-Semi/full/seed_17/history.json
SIM-Semi,full,17,8,0.9584412972132365,0.5707480952005178,0.8587740719096121,0,50,54f9fd516dd6bda7be62f0c16561e9f6c0fe5841c8997a04b3cc0ffc1a5dc5da,results/formal/SIM-Semi/full/seed_17/history.json
SIM-Semi,full,17,9,0.9513088862101237,0.5763348370195263,0.8599567957922859,0,50,54f9fd516dd6bda7be62f0c16561e9f6c0fe5841c8997a04b3cc0ffc1a5dc5da,results/formal/SIM-Semi/full/seed_17/history.json
SIM-Semi,full,17,10,0.9370130995909373,0.5778158362769474,0.861664788222853,0,50,54f9fd516dd6bda7be62f0c16561e9f6c0fe5841c8997a04b3cc0ffc1a5dc5da,results/formal/SIM-Semi/full/seed_17/history.json
SIM-Semi,full,17,11,0.9328396717707316,0.5856083618489183,0.8662861078644181,0,50,54f9fd516dd6bda7be62f0c16561e9f6c0fe5841c8997a04b3cc0ffc1a5dc5da,results/formal/SIM-Semi/full/seed_17/history.json
SIM-Semi,full,17,12,0.9255760908126831,0.583621407699155,0.8651086018812267,0,50,54f9fd516dd6bda7be62f0c16561e9f6c0fe5841c8997a04b3cc0ffc1a5dc5da,results/formal/SIM-Semi/full/seed_17/history.json
SIM-Semi,full,17,13,0.9081984758377075,0.6015486435276196,0.8745216925474482,0,50,54f9fd516dd6bda7be62f0c16561e9f6c0fe5841c8997a04b3cc0ffc1a5dc5da,results/formal/SIM-Semi/full/seed_17/history.json
SIM-Semi,full,17,14,0.9025041063626608,0.6034364512957547,0.8754400428563478,0,50,54f9fd516dd6bda7be62f0c16561e9f6c0fe5841c8997a04b3cc0ffc1a5dc5da,results/formal/SIM-Semi/full/seed_17/history.json
SIM-Semi,full,17,15,0.8958138624827067,0.6115638042377703,0.8796004480436355,0,50,54f9fd516dd6bda7be62f0c16561e9f6c0fe5841c8997a04b3cc0ffc1a5dc5da,results/formal/SIM-Semi/full/seed_17/history.json
SIM-Semi,full,17,16,0.8958404262860616,0.620533842603485,0.8800109228029164,0,50,54f9fd516dd6bda7be62f0c16561e9f6c0fe5841c8997a04b3cc0ffc1a5dc5da,results/formal/SIM-Semi/full/seed_17/history.json
SIM-Semi,full,17,17,0.8873703082402548,0.6227451685664767,0.8890535426058885,0,50,54f9fd516dd6bda7be62f0c16561e9f6c0fe5841c8997a04b3cc0ffc1a5dc5da,results/formal/SIM-Semi/full/seed_17/history.json
SIM-Semi,full,17,18,0.8789871235688528,0.6294298881894106,0.8899805894139254,0,50,54f9fd516dd6bda7be62f0c16561e9f6c0fe5841c8997a04b3cc0ffc1a5dc5da,results/formal/SIM-Semi/full/seed_17/history.json
SIM-Semi,full,17,19,0.8691882292429606,0.6333702338096759,0.8891561612957088,0,50,54f9fd516dd6bda7be62f0c16561e9f6c0fe5841c8997a04b3cc0ffc1a5dc5da,results/formal/SIM-Semi/full/seed_17/history.json
SIM-Semi,full,17,20,0.8723085820674896,0.6284219920835209,0.8909389436188567,0,50,54f9fd516dd6bda7be62f0c16561e9f6c0fe5841c8997a04b3cc0ffc1a5dc5da,results/formal/SIM-Semi/full/seed_17/history.json
SIM-Semi,full,17,21,0.8517413139343262,0.645620300335788,0.8979117966271497,0,50,54f9fd516dd6bda7be62f0c16561e9f6c0fe5841c8997a04b3cc0ffc1a5dc5da,results/formal/SIM-Semi/full/seed_17/history.json
SIM-Semi,full,17,22,0.849386860926946,0.6451313552857719,0.8999467774252797,0,50,54f9fd516dd6bda7be62f0c16561e9f6c0fe5841c8997a04b3cc0ffc1a5dc5da,results/formal/SIM-Semi/full/seed_17/history.json
SIM-Semi,full,17,23,0.8499532143274943,0.6486656331013507,0.8993588940835977,0,50,54f9fd516dd6bda7be62f0c16561e9f6c0fe5841c8997a04b3cc0ffc1a5dc5da,results/formal/SIM-Semi/full/seed_17/history.json
SIM-Semi,full,17,24,0.8445109526316324,0.6524195926297472,0.9017486920465297,0,50,54f9fd516dd6bda7be62f0c16561e9f6c0fe5841c8997a04b3cc0ffc1a5dc5da,results/formal/SIM-Semi/full/seed_17/history.json
SIM-Semi,full,17,25,0.8457475701967875,0.6474281207946595,0.8999919992207936,0,50,54f9fd516dd6bda7be62f0c16561e9f6c0fe5841c8997a04b3cc0ffc1a5dc5da,results/formal/SIM-Semi/full/seed_17/history.json
SIM-Semi,full,17,26,0.8574662804603577,0.6546755269946588,0.9036514860577725,0,50,54f9fd516dd6bda7be62f0c16561e9f6c0fe5841c8997a04b3cc0ffc1a5dc5da,results/formal/SIM-Semi/full/seed_17/history.json
SIM-Semi,full,17,27,0.8513374725977579,0.6539064587559884,0.9044654783770245,0,50,54f9fd516dd6bda7be62f0c16561e9f6c0fe5841c8997a04b3cc0ffc1a5dc5da,results/formal/SIM-Semi/full/seed_17/history.json
SIM-Semi,full,17,28,0.8462977906068166,0.6491553459542251,0.9032253576000446,0,50,54f9fd516dd6bda7be62f0c16561e9f6c0fe5841c8997a04b3cc0ffc1a5dc5da,results/formal/SIM-Semi/full/seed_17/history.json
SIM-Semi,full,17,29,0.8384072482585907,0.6475738560399835,0.9002981159904269,0,50,54f9fd516dd6bda7be62f0c16561e9f6c0fe5841c8997a04b3cc0ffc1a5dc5da,results/formal/SIM-Semi/full/seed_17/history.json
SIM-Semi,full,17,30,0.8357991973559061,0.6554519732446689,0.9060395447208771,0,50,54f9fd516dd6bda7be62f0c16561e9f6c0fe5841c8997a04b3cc0ffc1a5dc5da,results/formal/SIM-Semi/full/seed_17/history.json
SIM-Semi,full,17,31,0.8218384385108948,0.6553778460196575,0.9046550620582179,0,50,54f9fd516dd6bda7be62f0c16561e9f6c0fe5841c8997a04b3cc0ffc1a5dc5da,results/formal/SIM-Semi/full/seed_17/history.json
SIM-Semi,full,17,32,0.8169207374254862,0.6531348845668934,0.9039976067234374,0,50,54f9fd516dd6bda7be62f0c16561e9f6c0fe5841c8997a04b3cc0ffc1a5dc5da,results/formal/SIM-Semi/full/seed_17/history.json
SIM-Semi,full,17,33,0.8151046733061472,0.6590042967044933,0.9072448795013079,0,50,54f9fd516dd6bda7be62f0c16561e9f6c0fe5841c8997a04b3cc0ffc1a5dc5da,results/formal/SIM-Semi/full/seed_17/history.json
SIM-Semi,full,17,34,0.82109002272288,0.6595412852992991,0.9082084516057216,0,50,54f9fd516dd6bda7be62f0c16561e9f6c0fe5841c8997a04b3cc0ffc1a5dc5da,results/formal/SIM-Semi/full/seed_17/history.json
SIM-Semi,full,17,35,0.8060617844263712,0.648112995961436,0.9045002643735738,0,50,54f9fd516dd6bda7be62f0c16561e9f6c0fe5841c8997a04b3cc0ffc1a5dc5da,results/formal/SIM-Semi/full/seed_17/history.json
SIM-Semi,full,17,36,0.8137533565362295,0.6551145367230924,0.9073840234875048,0,50,54f9fd516dd6bda7be62f0c16561e9f6c0fe5841c8997a04b3cc0ffc1a5dc5da,results/formal/SIM-Semi/full/seed_17/history.json
SIM-Semi,full,17,37,0.8119339942932129,0.6602759676399272,0.9101669032114432,0,50,54f9fd516dd6bda7be62f0c16561e9f6c0fe5841c8997a04b3cc0ffc1a5dc5da,results/formal/SIM-Semi/full/seed_17/history.json
SIM-Semi,full,17,38,0.8113354543844858,0.6610772122666897,0.9081667084098625,1,50,54f9fd516dd6bda7be62f0c16561e9f6c0fe5841c8997a04b3cc0ffc1a5dc5da,results/formal/SIM-Semi/full/seed_17/history.json
SIM-Semi,full,17,39,0.8040438592433929,0.6587107903407533,0.9071474787109701,0,50,54f9fd516dd6bda7be62f0c16561e9f6c0fe5841c8997a04b3cc0ffc1a5dc5da,results/formal/SIM-Semi/full/seed_17/history.json
SIM-Semi,full,17,40,0.805568665266037,0.6556784523175566,0.9078049340457506,0,50,54f9fd516dd6bda7be62f0c16561e9f6c0fe5841c8997a04b3cc0ffc1a5dc5da,results/formal/SIM-Semi/full/seed_17/history.json
SIM-Semi,full,17,41,0.803805540005366,0.6516749497202093,0.905529929871431,0,50,54f9fd516dd6bda7be62f0c16561e9f6c0fe5841c8997a04b3cc0ffc1a5dc5da,results/formal/SIM-Semi/full/seed_17/history.json
SIM-Semi,full,17,42,0.7968926727771759,0.6575436678236585,0.9084902181777703,0,50,54f9fd516dd6bda7be62f0c16561e9f6c0fe5841c8997a04b3cc0ffc1a5dc5da,results/formal/SIM-Semi/full/seed_17/history.json
SIM-Semi,full,17,43,0.8108020822207133,0.6564226199109924,0.9075857822674904,0,50,54f9fd516dd6bda7be62f0c16561e9f6c0fe5841c8997a04b3cc0ffc1a5dc5da,results/formal/SIM-Semi/full/seed_17/history.json
SIM-Semi,full,17,44,0.8193260133266449,0.6508888319516519,0.9061525992096622,0,50,54f9fd516dd6bda7be62f0c16561e9f6c0fe5841c8997a04b3cc0ffc1a5dc5da,results/formal/SIM-Semi/full/seed_17/history.json
SIM-Semi,full,17,45,0.8016691108544668,0.6539888768961865,0.9077023153559303,0,50,54f9fd516dd6bda7be62f0c16561e9f6c0fe5841c8997a04b3cc0ffc1a5dc5da,results/formal/SIM-Semi/full/seed_17/history.json
SIM-Semi,full,17,46,0.7922994693120321,0.6535298213998592,0.9058812684365782,0,50,54f9fd516dd6bda7be62f0c16561e9f6c0fe5841c8997a04b3cc0ffc1a5dc5da,results/formal/SIM-Semi/full/seed_17/history.json
SIM-Semi,full,17,47,0.7849795520305634,0.6548703802704219,0.9060604163188067,0,50,54f9fd516dd6bda7be62f0c16561e9f6c0fe5841c8997a04b3cc0ffc1a5dc5da,results/formal/SIM-Semi/full/seed_17/history.json
SIM-Semi,full,17,48,0.788911759853363,0.649742978526993,0.9036758362553571,0,50,54f9fd516dd6bda7be62f0c16561e9f6c0fe5841c8997a04b3cc0ffc1a5dc5da,results/formal/SIM-Semi/full/seed_17/history.json
SIM-Semi,full,17,49,0.7909063299496969,0.6461069559872975,0.9046307118606334,0,50,54f9fd516dd6bda7be62f0c16561e9f6c0fe5841c8997a04b3cc0ffc1a5dc5da,results/formal/SIM-Semi/full/seed_17/history.json
SIM-Semi,full,17,50,0.7877436180909475,0.6467449304464014,0.9049733539266432,0,50,54f9fd516dd6bda7be62f0c16561e9f6c0fe5841c8997a04b3cc0ffc1a5dc5da,results/formal/SIM-Semi/full/seed_17/history.json
SIM-Semi,full,29,1,1.3218343059221904,0.35197407892620336,0.7896142928702621,0,40,54f9fd516dd6bda7be62f0c16561e9f6c0fe5841c8997a04b3cc0ffc1a5dc5da,results/formal/SIM-Semi/full/seed_29/history.json
SIM-Semi,full,29,2,1.1652453541755676,0.38126992919003067,0.8037513218678688,0,40,54f9fd516dd6bda7be62f0c16561e9f6c0fe5841c8997a04b3cc0ffc1a5dc5da,results/formal/SIM-Semi/full/seed_29/history.json
SIM-Semi,full,29,3,1.0775351921717327,0.3957358146559898,0.8163438526186898,0,40,54f9fd516dd6bda7be62f0c16561e9f6c0fe5841c8997a04b3cc0ffc1a5dc5da,results/formal/SIM-Semi/full/seed_29/history.json
SIM-Semi,full,29,4,1.0288981695969899,0.46356104946184273,0.8312983525352033,0,40,54f9fd516dd6bda7be62f0c16561e9f6c0fe5841c8997a04b3cc0ffc1a5dc5da,results/formal/SIM-Semi/full/seed_29/history.json
SIM-Semi,full,29,5,1.0076752404371898,0.5105407726555061,0.8417202371013525,0,40,54f9fd516dd6bda7be62f0c16561e9f6c0fe5841c8997a04b3cc0ffc1a5dc5da,results/formal/SIM-Semi/full/seed_29/history.json
SIM-Semi,full,29,6,0.980430950721105,0.5403786331742051,0.8462493738520622,0,40,54f9fd516dd6bda7be62f0c16561e9f6c0fe5841c8997a04b3cc0ffc1a5dc5da,results/formal/SIM-Semi/full/seed_29/history.json
SIM-Semi,full,29,7,0.9735386272271475,0.5475896002412145,0.8481191211665832,0,40,54f9fd516dd6bda7be62f0c16561e9f6c0fe5841c8997a04b3cc0ffc1a5dc5da,results/formal/SIM-Semi/full/seed_29/history.json
SIM-Semi,full,29,8,0.9506158332029978,0.5479649503106231,0.8489957282796238,0,40,54f9fd516dd6bda7be62f0c16561e9f6c0fe5841c8997a04b3cc0ffc1a5dc5da,results/formal/SIM-Semi/full/seed_29/history.json
SIM-Semi,full,29,9,0.9532671372095743,0.554689155646145,0.8523943201424833,0,40,54f9fd516dd6bda7be62f0c16561e9f6c0fe5841c8997a04b3cc0ffc1a5dc5da,results/formal/SIM-Semi/full/seed_29/history.json
SIM-Semi,full,29,10,0.9339305559794108,0.5628276717315915,0.8547980325040352,0,40,54f9fd516dd6bda7be62f0c16561e9f6c0fe5841c8997a04b3cc0ffc1a5dc5da,results/formal/SIM-Semi/full/seed_29/history.json
SIM-Semi,full,29,11,0.9252395133177439,0.5724096385925932,0.8591045388768298,0,40,54f9fd516dd6bda7be62f0c16561e9f6c0fe5841c8997a04b3cc0ffc1a5dc5da,results/formal/SIM-Semi/full/seed_29/history.json
SIM-Semi,full,29,12,0.9205640554428101,0.5779316688524798,0.8601481187733067,0,40,54f9fd516dd6bda7be62f0c16561e9f6c0fe5841c8997a04b3cc0ffc1a5dc5da,results/formal/SIM-Semi/full/seed_29/history.json
SIM-Semi,full,29,13,0.9078251322110494,0.5878807349879159,0.8643920103523125,0,40,54f9fd516dd6bda7be62f0c16561e9f6c0fe5841c8997a04b3cc0ffc1a5dc5da,results/formal/SIM-Semi/full/seed_29/history.json
SIM-Semi,full,29,14,0.9007436235745748,0.5898158130296248,0.8684984972449491,0,40,54f9fd516dd6bda7be62f0c16561e9f6c0fe5841c8997a04b3cc0ffc1a5dc5da,results/formal/SIM-Semi/full/seed_29/history.json
SIM-Semi,full,29,15,0.8935528099536896,0.6004007938932895,0.8726971670284409,0,40,54f9fd516dd6bda7be62f0c16561e9f6c0fe5841c8997a04b3cc0ffc1a5dc5da,results/formal/SIM-Semi/full/seed_29/history.json
SIM-Semi,full,29,16,0.8852270245552063,0.6156016816933738,0.8832355846830301,0,40,54f9fd516dd6bda7be62f0c16561e9f6c0fe5841c8997a04b3cc0ffc1a5dc5da,results/formal/SIM-Semi/full/seed_29/history.json
SIM-Semi,full,29,17,0.8777115046977997,0.6143008991526667,0.8827137947347916,0,40,54f9fd516dd6bda7be62f0c16561e9f6c0fe5841c8997a04b3cc0ffc1a5dc5da,results/formal/SIM-Semi/full/seed_29/history.json
SIM-Semi,full,29,18,0.8628966808319092,0.6191711012308928,0.884340040073468,0,40,54f9fd516dd6bda7be62f0c16561e9f6c0fe5841c8997a04b3cc0ffc1a5dc5da,results/formal/SIM-Semi/full/seed_29/history.json
SIM-Semi,full,29,19,0.8564487000306448,0.6323917426931702,0.8922677686870373,0,40,54f9fd516dd6bda7be62f0c16561e9f6c0fe5841c8997a04b3cc0ffc1a5dc5da,results/formal/SIM-Semi/full/seed_29/history.json
SIM-Semi,full,29,20,0.8543861409028372,0.6271716027549065,0.8920120916124006,0,40,54f9fd516dd6bda7be62f0c16561e9f6c0fe5841c8997a04b3cc0ffc1a5dc5da,results/formal/SIM-Semi/full/seed_29/history.json
SIM-Semi,full,29,21,0.8635984162489573,0.6308233477643731,0.890770231535593,0,40,54f9fd516dd6bda7be62f0c16561e9f6c0fe5841c8997a04b3cc0ffc1a5dc5da,results/formal/SIM-Semi/full/seed_29/history.json
SIM-Semi,full,29,22,0.8521072765191396,0.6443968110275583,0.9005607502643735,0,40,54f9fd516dd6bda7be62f0c16561e9f6c0fe5841c8997a04b3cc0ffc1a5dc5da,results/formal/SIM-Semi/full/seed_29/history.json
SIM-Semi,full,29,23,0.8353371620178223,0.6370700150628372,0.8990162520175878,0,40,54f9fd516dd6bda7be62f0c16561e9f6c0fe5841c8997a04b3cc0ffc1a5dc5da,results/formal/SIM-Semi/full/seed_29/history.json
SIM-Semi,full,29,24,0.8297252257664999,0.6375156587119714,0.8950158624144264,0,40,54f9fd516dd6bda7be62f0c16561e9f6c0fe5841c8997a04b3cc0ffc1a5dc5da,results/formal/SIM-Semi/full/seed_29/history.json
SIM-Semi,full,29,25,0.81727867325147,0.6429104426837462,0.8986109951577893,0,40,54f9fd516dd6bda7be62f0c16561e9f6c0fe5841c8997a04b3cc0ffc1a5dc5da,results/formal/SIM-Semi/full/seed_29/history.json
SIM-Semi,full,29,26,0.8220551212628683,0.647809506103916,0.9015399760672345,0,40,54f9fd516dd6bda7be62f0c16561e9f6c0fe5841c8997a04b3cc0ffc1a5dc5da,results/formal/SIM-Semi/full/seed_29/history.json
SIM-Semi,full,29,27,0.8181634346644083,0.6456449849650959,0.901644334056882,0,40,54f9fd516dd6bda7be62f0c16561e9f6c0fe5841c8997a04b3cc0ffc1a5dc5da,results/formal/SIM-Semi/full/seed_29/history.json
SIM-Semi,full,29,28,0.8162326117356619,0.6503537135942105,0.9038915094339623,1,40,54f9fd516dd6bda7be62f0c16561e9f6c0fe5841c8997a04b3cc0ffc1a5dc5da,results/formal/SIM-Semi/full/seed_29/history.json
SIM-Semi,full,29,29,0.8152323166529337,0.6455600679887121,0.9014738826737908,0,40,54f9fd516dd6bda7be62f0c16561e9f6c0fe5841c8997a04b3cc0ffc1a5dc5da,results/formal/SIM-Semi/full/seed_29/history.json
SIM-Semi,full,29,30,0.8117027481396993,0.6475962602832677,0.9036914899538041,0,40,54f9fd516dd6bda7be62f0c16561e9f6c0fe5841c8997a04b3cc0ffc1a5dc5da,results/formal/SIM-Semi/full/seed_29/history.json
SIM-Semi,full,29,31,0.8129903475443522,0.6463170952671345,0.902816622140591,0,40,54f9fd516dd6bda7be62f0c16561e9f6c0fe5841c8997a04b3cc0ffc1a5dc5da,results/formal/SIM-Semi/full/seed_29/history.json
SIM-Semi,full,29,32,0.8110691408316294,0.6486450182201846,0.9038393304391384,0,40,54f9fd516dd6bda7be62f0c16561e9f6c0fe5841c8997a04b3cc0ffc1a5dc5da,results/formal/SIM-Semi/full/seed_29/history.json
SIM-Semi,full,29,33,0.8243116637070974,0.6463487084490915,0.9035575638670896,0,40,54f9fd516dd6bda7be62f0c16561e9f6c0fe5841c8997a04b3cc0ffc1a5dc5da,results/formal/SIM-Semi/full/seed_29/history.json
SIM-Semi,full,29,34,0.8249611159165701,0.6473971765415758,0.9047872488451049,0,40,54f9fd516dd6bda7be62f0c16561e9f6c0fe5841c8997a04b3cc0ffc1a5dc5da,results/formal/SIM-Semi/full/seed_29/history.json
SIM-Semi,full,29,35,0.80705859263738,0.6465633853349722,0.9033888517838258,0,40,54f9fd516dd6bda7be62f0c16561e9f6c0fe5841c8997a04b3cc0ffc1a5dc5da,results/formal/SIM-Semi/full/seed_29/history.json
SIM-Semi,full,29,36,0.8068071802457174,0.6389197244243936,0.9000998358100963,0,40,54f9fd516dd6bda7be62f0c16561e9f6c0fe5841c8997a04b3cc0ffc1a5dc5da,results/formal/SIM-Semi/full/seed_29/history.json
SIM-Semi,full,29,37,0.7952086528142294,0.6433085936866135,0.9029279373295487,0,40,54f9fd516dd6bda7be62f0c16561e9f6c0fe5841c8997a04b3cc0ffc1a5dc5da,results/formal/SIM-Semi/full/seed_29/history.json
SIM-Semi,full,29,38,0.7987586657206217,0.6432649690561065,0.9024826765737185,0,40,54f9fd516dd6bda7be62f0c16561e9f6c0fe5841c8997a04b3cc0ffc1a5dc5da,results/formal/SIM-Semi/full/seed_29/history.json
SIM-Semi,full,29,39,0.7918731371561686,0.6416564831573293,0.903114042411087,0,40,54f9fd516dd6bda7be62f0c16561e9f6c0fe5841c8997a04b3cc0ffc1a5dc5da,results/formal/SIM-Semi/full/seed_29/history.json
SIM-Semi,full,29,40,0.798686812321345,0.6415681208919335,0.9021974314020148,0,40,54f9fd516dd6bda7be62f0c16561e9f6c0fe5841c8997a04b3cc0ffc1a5dc5da,results/formal/SIM-Semi/full/seed_29/history.json
SIM-Semi,full,43,1,1.3566538294156392,0.32944283514130834,0.7427975594144821,0,46,54f9fd516dd6bda7be62f0c16561e9f6c0fe5841c8997a04b3cc0ffc1a5dc5da,results/formal/SIM-Semi/full/seed_43/history.json
SIM-Semi,full,43,2,1.2077498038609822,0.3919844599210627,0.8160620860466411,0,46,54f9fd516dd6bda7be62f0c16561e9f6c0fe5841c8997a04b3cc0ffc1a5dc5da,results/formal/SIM-Semi/full/seed_43/history.json
SIM-Semi,full,43,3,1.1254305640856426,0.45467641996680686,0.8239376356653866,0,46,54f9fd516dd6bda7be62f0c16561e9f6c0fe5841c8997a04b3cc0ffc1a5dc5da,results/formal/SIM-Semi/full/seed_43/history.json
SIM-Semi,full,43,4,1.0573562383651733,0.48457803348544015,0.8396522096065009,0,46,54f9fd516dd6bda7be62f0c16561e9f6c0fe5841c8997a04b3cc0ffc1a5dc5da,results/formal/SIM-Semi/full/seed_43/history.json
SIM-Semi,full,43,5,1.011214127143224,0.5183876493367611,0.8454110313352257,0,46,54f9fd516dd6bda7be62f0c16561e9f6c0fe5841c8997a04b3cc0ffc1a5dc5da,results/formal/SIM-Semi/full/seed_43/history.json
SIM-Semi,full,43,6,0.9850493570168813,0.5503302231253858,0.8503749930428006,0,46,54f9fd516dd6bda7be62f0c16561e9f6c0fe5841c8997a04b3cc0ffc1a5dc5da,results/formal/SIM-Semi/full/seed_43/history.json
SIM-Semi,full,43,7,0.9667098720868429,0.5407015035993016,0.8479017086881504,0,46,54f9fd516dd6bda7be62f0c16561e9f6c0fe5841c8997a04b3cc0ffc1a5dc5da,results/formal/SIM-Semi/full/seed_43/history.json
SIM-Semi,full,43,8,0.9512473046779633,0.5452400832013655,0.8510150553793064,0,46,54f9fd516dd6bda7be62f0c16561e9f6c0fe5841c8997a04b3cc0ffc1a5dc5da,results/formal/SIM-Semi/full/seed_43/history.json
SIM-Semi,full,43,9,0.9501282870769501,0.5453575484739499,0.8524812851338565,0,46,54f9fd516dd6bda7be62f0c16561e9f6c0fe5841c8997a04b3cc0ffc1a5dc5da,results/formal/SIM-Semi/full/seed_43/history.json
SIM-Semi,full,43,10,0.9432949622472128,0.5438809353065176,0.8510585378749931,0,46,54f9fd516dd6bda7be62f0c16561e9f6c0fe5841c8997a04b3cc0ffc1a5dc5da,results/formal/SIM-Semi/full/seed_43/history.json
SIM-Semi,full,43,11,0.9313810467720032,0.5547424723158177,0.855690293315523,0,46,54f9fd516dd6bda7be62f0c16561e9f6c0fe5841c8997a04b3cc0ffc1a5dc5da,results/formal/SIM-Semi/full/seed_43/history.json
SIM-Semi,full,43,12,0.9243491490681967,0.561682775646189,0.8593376050537096,0,46,54f9fd516dd6bda7be62f0c16561e9f6c0fe5841c8997a04b3cc0ffc1a5dc5da,results/formal/SIM-Semi/full/seed_43/history.json
SIM-Semi,full,43,13,0.9181754390398661,0.5685668912900708,0.8627327183169142,0,46,54f9fd516dd6bda7be62f0c16561e9f6c0fe5841c8997a04b3cc0ffc1a5dc5da,results/formal/SIM-Semi/full/seed_43/history.json
SIM-Semi,full,43,14,0.9162926077842712,0.578495301662253,0.86563387042912,0,46,54f9fd516dd6bda7be62f0c16561e9f6c0fe5841c8997a04b3cc0ffc1a5dc5da,results/formal/SIM-Semi/full/seed_43/history.json
SIM-Semi,full,43,15,0.9126226802666982,0.5872907818636293,0.8713874742583625,0,46,54f9fd516dd6bda7be62f0c16561e9f6c0fe5841c8997a04b3cc0ffc1a5dc5da,results/formal/SIM-Semi/full/seed_43/history.json
SIM-Semi,full,43,16,0.8979813853899637,0.5962160767369828,0.8766349418378138,0,46,54f9fd516dd6bda7be62f0c16561e9f6c0fe5841c8997a04b3cc0ffc1a5dc5da,results/formal/SIM-Semi/full/seed_43/history.json
SIM-Semi,full,43,17,0.8870114286740621,0.5976644328645979,0.8751443618856792,0,46,54f9fd516dd6bda7be62f0c16561e9f6c0fe5841c8997a04b3cc0ffc1a5dc5da,results/formal/SIM-Semi/full/seed_43/history.json
SIM-Semi,full,43,18,0.8746567368507385,0.6162967248155473,0.8843765653698448,0,46,54f9fd516dd6bda7be62f0c16561e9f6c0fe5841c8997a04b3cc0ffc1a5dc5da,results/formal/SIM-Semi/full/seed_43/history.json
SIM-Semi,full,43,19,0.8616659144560496,0.6198292640593287,0.8857001725385428,0,46,54f9fd516dd6bda7be62f0c16561e9f6c0fe5841c8997a04b3cc0ffc1a5dc5da,results/formal/SIM-Semi/full/seed_43/history.json
SIM-Semi,full,43,20,0.8608033955097198,0.6247196927285407,0.8888204764290086,0,46,54f9fd516dd6bda7be62f0c16561e9f6c0fe5841c8997a04b3cc0ffc1a5dc5da,results/formal/SIM-Semi/full/seed_43/history.json
SIM-Semi,full,43,21,0.8563543657461802,0.6297213390211179,0.8933565703790283,0,46,54f9fd516dd6bda7be62f0c16561e9f6c0fe5841c8997a04b3cc0ffc1a5dc5da,results/formal/SIM-Semi/full/seed_43/history.json
SIM-Semi,full,43,22,0.8416821261247,0.6317145290243522,0.8952906717871654,0,46,54f9fd516dd6bda7be62f0c16561e9f6c0fe5841c8997a04b3cc0ffc1a5dc5da,results/formal/SIM-Semi/full/seed_43/history.json
SIM-Semi,full,43,23,0.8453874190648397,0.6299769474628009,0.8964907886681137,0,46,54f9fd516dd6bda7be62f0c16561e9f6c0fe5841c8997a04b3cc0ffc1a5dc5da,results/formal/SIM-Semi/full/seed_43/history.json
SIM-Semi,full,43,24,0.8265306055545807,0.6409817336428052,0.8980544192130017,0,46,54f9fd516dd6bda7be62f0c16561e9f6c0fe5841c8997a04b3cc0ffc1a5dc5da,results/formal/SIM-Semi/full/seed_43/history.json
SIM-Semi,full,43,25,0.837993860244751,0.6286786126902054,0.8904014999721712,0,46,54f9fd516dd6bda7be62f0c16561e9f6c0fe5841c8997a04b3cc0ffc1a5dc5da,results/formal/SIM-Semi/full/seed_43/history.json
SIM-Semi,full,43,26,0.8355811734994253,0.6376005812885763,0.9026687816552569,0,46,54f9fd516dd6bda7be62f0c16561e9f6c0fe5841c8997a04b3cc0ffc1a5dc5da,results/formal/SIM-Semi/full/seed_43/history.json
SIM-Semi,full,43,27,0.8408046066761017,0.6416757691191286,0.9004442171759336,0,46,54f9fd516dd6bda7be62f0c16561e9f6c0fe5841c8997a04b3cc0ffc1a5dc5da,results/formal/SIM-Semi/full/seed_43/history.json
SIM-Semi,full,43,28,0.8211075166861216,0.6442460029991921,0.9019052290310012,0,46,54f9fd516dd6bda7be62f0c16561e9f6c0fe5841c8997a04b3cc0ffc1a5dc5da,results/formal/SIM-Semi/full/seed_43/history.json
SIM-Semi,full,43,29,0.8269614080588022,0.6417342751418732,0.9017399955473924,0,46,54f9fd516dd6bda7be62f0c16561e9f6c0fe5841c8997a04b3cc0ffc1a5dc5da,results/formal/SIM-Semi/full/seed_43/history.json
SIM-Semi,full,43,30,0.8220619161923727,0.653647649770406,0.906427408582401,0,46,54f9fd516dd6bda7be62f0c16561e9f6c0fe5841c8997a04b3cc0ffc1a5dc5da,results/formal/SIM-Semi/full/seed_43/history.json
SIM-Semi,full,43,31,0.8130295475323995,0.642195864808241,0.9025296376690599,0,46,54f9fd516dd6bda7be62f0c16561e9f6c0fe5841c8997a04b3cc0ffc1a5dc5da,results/formal/SIM-Semi/full/seed_43/history.json
SIM-Semi,full,43,32,0.7985445161660513,0.6461294097041012,0.9049316107307841,0,46,54f9fd516dd6bda7be62f0c16561e9f6c0fe5841c8997a04b3cc0ffc1a5dc5da,results/formal/SIM-Semi/full/seed_43/history.json
SIM-Semi,full,43,33,0.8153793116410574,0.6413053748062982,0.9017434741470473,0,46,54f9fd516dd6bda7be62f0c16561e9f6c0fe5841c8997a04b3cc0ffc1a5dc5da,results/formal/SIM-Semi/full/seed_43/history.json
SIM-Semi,full,43,34,0.8018161654472351,0.6550397053229174,0.9081249652140034,1,46,54f9fd516dd6bda7be62f0c16561e9f6c0fe5841c8997a04b3cc0ffc1a5dc5da,results/formal/SIM-Semi/full/seed_43/history.json
SIM-Semi,full,43,35,0.8013429641723633,0.6418252092384991,0.9006146685590248,0,46,54f9fd516dd6bda7be62f0c16561e9f6c0fe5841c8997a04b3cc0ffc1a5dc5da,results/formal/SIM-Semi/full/seed_43/history.json
SIM-Semi,full,43,36,0.8072252372900645,0.6542261723798476,0.9072814047976847,0,46,54f9fd516dd6bda7be62f0c16561e9f6c0fe5841c8997a04b3cc0ffc1a5dc5da,results/formal/SIM-Semi/full/seed_43/history.json
SIM-Semi,full,43,37,0.7994714577992758,0.6547436031925917,0.9053994823843713,0,46,54f9fd516dd6bda7be62f0c16561e9f6c0fe5841c8997a04b3cc0ffc1a5dc5da,results/formal/SIM-Semi/full/seed_43/history.json
SIM-Semi,full,43,38,0.8025907476743063,0.646750460878363,0.9022304780987366,0,46,54f9fd516dd6bda7be62f0c16561e9f6c0fe5841c8997a04b3cc0ffc1a5dc5da,results/formal/SIM-Semi/full/seed_43/history.json
SIM-Semi,full,43,39,0.8048798342545828,0.6489980500007418,0.9035645210663995,0,46,54f9fd516dd6bda7be62f0c16561e9f6c0fe5841c8997a04b3cc0ffc1a5dc5da,results/formal/SIM-Semi/full/seed_43/history.json
SIM-Semi,full,43,40,0.7924115061759949,0.6503080452778587,0.9060465019201871,0,46,54f9fd516dd6bda7be62f0c16561e9f6c0fe5841c8997a04b3cc0ffc1a5dc5da,results/formal/SIM-Semi/full/seed_43/history.json
SIM-Semi,full,43,41,0.7805656294027964,0.6525558533988111,0.9075753464685257,0,46,54f9fd516dd6bda7be62f0c16561e9f6c0fe5841c8997a04b3cc0ffc1a5dc5da,results/formal/SIM-Semi/full/seed_43/history.json
SIM-Semi,full,43,42,0.7861540416876475,0.6469049746040781,0.903834112539656,0,46,54f9fd516dd6bda7be62f0c16561e9f6c0fe5841c8997a04b3cc0ffc1a5dc5da,results/formal/SIM-Semi/full/seed_43/history.json
SIM-Semi,full,43,43,0.7810582220554352,0.643337352628879,0.9017782601435966,0,46,54f9fd516dd6bda7be62f0c16561e9f6c0fe5841c8997a04b3cc0ffc1a5dc5da,results/formal/SIM-Semi/full/seed_43/history.json
SIM-Semi,full,43,44,0.7717314660549164,0.6505795568920005,0.9060221517226026,0,46,54f9fd516dd6bda7be62f0c16561e9f6c0fe5841c8997a04b3cc0ffc1a5dc5da,results/formal/SIM-Semi/full/seed_43/history.json
SIM-Semi,full,43,45,0.7819946805636088,0.6443979231839102,0.9025539878666444,0,46,54f9fd516dd6bda7be62f0c16561e9f6c0fe5841c8997a04b3cc0ffc1a5dc5da,results/formal/SIM-Semi/full/seed_43/history.json
SIM-Semi,full,43,46,0.7716467181841532,0.6456892036924137,0.9034410307786497,0,46,54f9fd516dd6bda7be62f0c16561e9f6c0fe5841c8997a04b3cc0ffc1a5dc5da,results/formal/SIM-Semi/full/seed_43/history.json
SIM-Semi,full,71,1,1.3050552209218342,0.3539948211157395,0.7732579172928147,0,53,54f9fd516dd6bda7be62f0c16561e9f6c0fe5841c8997a04b3cc0ffc1a5dc5da,results/formal/SIM-Semi/full/seed_71/history.json
SIM-Semi,full,71,2,1.1618889371554058,0.3891173348882588,0.8218730867701899,0,53,54f9fd516dd6bda7be62f0c16561e9f6c0fe5841c8997a04b3cc0ffc1a5dc5da,results/formal/SIM-Semi/full/seed_71/history.json
SIM-Semi,full,71,3,1.0770082076390584,0.4543043689940169,0.8312113875438303,0,53,54f9fd516dd6bda7be62f0c16561e9f6c0fe5841c8997a04b3cc0ffc1a5dc5da,results/formal/SIM-Semi/full/seed_71/history.json
SIM-Semi,full,71,4,1.0290515919526417,0.5113962281607369,0.8395878555128847,0,53,54f9fd516dd6bda7be62f0c16561e9f6c0fe5841c8997a04b3cc0ffc1a5dc5da,results/formal/SIM-Semi/full/seed_71/history.json
SIM-Semi,full,71,5,0.993045300245285,0.5400702800610372,0.8485922107196526,0,53,54f9fd516dd6bda7be62f0c16561e9f6c0fe5841c8997a04b3cc0ffc1a5dc5da,results/formal/SIM-Semi/full/seed_71/history.json
SIM-Semi,full,71,6,0.9760850866635641,0.5458916851698143,0.8516185924194357,0,53,54f9fd516dd6bda7be62f0c16561e9f6c0fe5841c8997a04b3cc0ffc1a5dc5da,results/formal/SIM-Semi/full/seed_71/history.json
SIM-Semi,full,71,7,0.9587703943252563,0.5347444256380122,0.8501575805643681,0,53,54f9fd516dd6bda7be62f0c16561e9f6c0fe5841c8997a04b3cc0ffc1a5dc5da,results/formal/SIM-Semi/full/seed_71/history.json
SIM-Semi,full,71,8,0.9506551424662272,0.5637016378830132,0.8575182974341851,0,53,54f9fd516dd6bda7be62f0c16561e9f6c0fe5841c8997a04b3cc0ffc1a5dc5da,results/formal/SIM-Semi/full/seed_71/history.json
SIM-Semi,full,71,9,0.9398540357748667,0.5679655125686192,0.8591045388768297,0,53,54f9fd516dd6bda7be62f0c16561e9f6c0fe5841c8997a04b3cc0ffc1a5dc5da,results/formal/SIM-Semi/full/seed_71/history.json
SIM-Semi,full,71,10,0.9319853583971659,0.5687300914495326,0.8618700256024934,0,53,54f9fd516dd6bda7be62f0c16561e9f6c0fe5841c8997a04b3cc0ffc1a5dc5da,results/formal/SIM-Semi/full/seed_71/history.json
SIM-Semi,full,71,11,0.9163445830345154,0.5779361489829368,0.8648163995102132,0,53,54f9fd516dd6bda7be62f0c16561e9f6c0fe5841c8997a04b3cc0ffc1a5dc5da,results/formal/SIM-Semi/full/seed_71/history.json
SIM-Semi,full,71,12,0.9061575730641683,0.5800981817320414,0.8676827656258697,0,53,54f9fd516dd6bda7be62f0c16561e9f6c0fe5841c8997a04b3cc0ffc1a5dc5da,results/formal/SIM-Semi/full/seed_71/history.json
SIM-Semi,full,71,13,0.9250849684079488,0.5906838537766674,0.8704621667501531,0,53,54f9fd516dd6bda7be62f0c16561e9f6c0fe5841c8997a04b3cc0ffc1a5dc5da,results/formal/SIM-Semi/full/seed_71/history.json
SIM-Semi,full,71,14,0.9271735350290934,0.5960089867848333,0.8728067429175711,0,53,54f9fd516dd6bda7be62f0c16561e9f6c0fe5841c8997a04b3cc0ffc1a5dc5da,results/formal/SIM-Semi/full/seed_71/history.json
SIM-Semi,full,71,15,0.9012006322542826,0.6019134613030062,0.8778124478210052,0,53,54f9fd516dd6bda7be62f0c16561e9f6c0fe5841c8997a04b3cc0ffc1a5dc5da,results/formal/SIM-Semi/full/seed_71/history.json
SIM-Semi,full,71,16,0.8984954257806143,0.6095833100890263,0.8803274753715145,0,53,54f9fd516dd6bda7be62f0c16561e9f6c0fe5841c8997a04b3cc0ffc1a5dc5da,results/formal/SIM-Semi/full/seed_71/history.json
SIM-Semi,full,71,17,0.8883782823880514,0.6241204426122873,0.8887109005398787,0,53,54f9fd516dd6bda7be62f0c16561e9f6c0fe5841c8997a04b3cc0ffc1a5dc5da,results/formal/SIM-Semi/full/seed_71/history.json
SIM-Semi,full,71,18,0.8870831727981567,0.6138194844614681,0.8904049785718261,0,53,54f9fd516dd6bda7be62f0c16561e9f6c0fe5841c8997a04b3cc0ffc1a5dc5da,results/formal/SIM-Semi/full/seed_71/history.json
SIM-Semi,full,71,19,0.8869109153747559,0.6263083348320254,0.8913894222741693,0,53,54f9fd516dd6bda7be62f0c16561e9f6c0fe5841c8997a04b3cc0ffc1a5dc5da,results/formal/SIM-Semi/full/seed_71/history.json
SIM-Semi,full,71,20,0.8798253933588663,0.6286266666468528,0.8917268464406968,0,53,54f9fd516dd6bda7be62f0c16561e9f6c0fe5841c8997a04b3cc0ffc1a5dc5da,results/formal/SIM-Semi/full/seed_71/history.json
SIM-Semi,full,71,21,0.8550525009632111,0.634950615239203,0.8964525240719095,0,53,54f9fd516dd6bda7be62f0c16561e9f6c0fe5841c8997a04b3cc0ffc1a5dc5da,results/formal/SIM-Semi/full/seed_71/history.json
SIM-Semi,full,71,22,0.8553035855293274,0.637280553012809,0.8990214699170702,0,53,54f9fd516dd6bda7be62f0c16561e9f6c0fe5841c8997a04b3cc0ffc1a5dc5da,results/formal/SIM-Semi/full/seed_71/history.json
SIM-Semi,full,71,23,0.8501868844032288,0.6405043571740584,0.9008686063338343,0,53,54f9fd516dd6bda7be62f0c16561e9f6c0fe5841c8997a04b3cc0ffc1a5dc5da,results/formal/SIM-Semi/full/seed_71/history.json
SIM-Semi,full,71,24,0.8405404984951019,0.642908131717261,0.9017173846496355,0,53,54f9fd516dd6bda7be62f0c16561e9f6c0fe5841c8997a04b3cc0ffc1a5dc5da,results/formal/SIM-Semi/full/seed_71/history.json
SIM-Semi,full,71,25,0.8258374631404877,0.6398802686997704,0.9003972560805922,0,53,54f9fd516dd6bda7be62f0c16561e9f6c0fe5841c8997a04b3cc0ffc1a5dc5da,results/formal/SIM-Semi/full/seed_71/history.json
SIM-Semi,full,71,26,0.8279390732447306,0.6430066737085118,0.9032984081927979,0,53,54f9fd516dd6bda7be62f0c16561e9f6c0fe5841c8997a04b3cc0ffc1a5dc5da,results/formal/SIM-Semi/full/seed_71/history.json
SIM-Semi,full,71,27,0.8177558283011118,0.6466311449895653,0.9050585796181889,0,53,54f9fd516dd6bda7be62f0c16561e9f6c0fe5841c8997a04b3cc0ffc1a5dc5da,results/formal/SIM-Semi/full/seed_71/history.json
SIM-Semi,full,71,28,0.8217536807060242,0.6352640089583508,0.9015695441643012,0,53,54f9fd516dd6bda7be62f0c16561e9f6c0fe5841c8997a04b3cc0ffc1a5dc5da,results/formal/SIM-Semi/full/seed_71/history.json
SIM-Semi,full,71,29,0.8062582910060883,0.6390747692085729,0.9052951243947237,0,53,54f9fd516dd6bda7be62f0c16561e9f6c0fe5841c8997a04b3cc0ffc1a5dc5da,results/formal/SIM-Semi/full/seed_71/history.json
SIM-Semi,full,71,30,0.8008565008640289,0.6554882572351217,0.9082484555017531,0,53,54f9fd516dd6bda7be62f0c16561e9f6c0fe5841c8997a04b3cc0ffc1a5dc5da,results/formal/SIM-Semi/full/seed_71/history.json
SIM-Semi,full,71,31,0.8023349841435751,0.6454252946591342,0.9045941865642566,0,53,54f9fd516dd6bda7be62f0c16561e9f6c0fe5841c8997a04b3cc0ffc1a5dc5da,results/formal/SIM-Semi/full/seed_71/history.json
SIM-Semi,full,71,32,0.7984113395214081,0.6375673897831249,0.9037854121444872,0,53,54f9fd516dd6bda7be62f0c16561e9f6c0fe5841c8997a04b3cc0ffc1a5dc5da,results/formal/SIM-Semi/full/seed_71/history.json
SIM-Semi,full,71,33,0.804140309492747,0.6487392665882579,0.9079719068291867,0,53,54f9fd516dd6bda7be62f0c16561e9f6c0fe5841c8997a04b3cc0ffc1a5dc5da,results/formal/SIM-Semi/full/seed_71/history.json
SIM-Semi,full,71,34,0.7975413501262665,0.6379659893815914,0.9033975482829631,0,53,54f9fd516dd6bda7be62f0c16561e9f6c0fe5841c8997a04b3cc0ffc1a5dc5da,results/formal/SIM-Semi/full/seed_71/history.json
SIM-Semi,full,71,35,0.8078413506348928,0.6393719427167295,0.9051768520064563,0,53,54f9fd516dd6bda7be62f0c16561e9f6c0fe5841c8997a04b3cc0ffc1a5dc5da,results/formal/SIM-Semi/full/seed_71/history.json
SIM-Semi,full,71,36,0.8148747980594635,0.6549202162481318,0.9074744670785329,0,53,54f9fd516dd6bda7be62f0c16561e9f6c0fe5841c8997a04b3cc0ffc1a5dc5da,results/formal/SIM-Semi/full/seed_71/history.json
SIM-Semi,full,71,37,0.8110995392004648,0.6527328035331694,0.9061004202148383,0,53,54f9fd516dd6bda7be62f0c16561e9f6c0fe5841c8997a04b3cc0ffc1a5dc5da,results/formal/SIM-Semi/full/seed_71/history.json
SIM-Semi,full,71,38,0.8375493486722311,0.6507934124720856,0.905597762564702,0,53,54f9fd516dd6bda7be62f0c16561e9f6c0fe5841c8997a04b3cc0ffc1a5dc5da,results/formal/SIM-Semi/full/seed_71/history.json
SIM-Semi,full,71,39,0.8027721047401428,0.6308621707551569,0.9006216257583347,0,53,54f9fd516dd6bda7be62f0c16561e9f6c0fe5841c8997a04b3cc0ffc1a5dc5da,results/formal/SIM-Semi/full/seed_71/history.json
SIM-Semi,full,71,40,0.8033784429232279,0.6493159754202918,0.9064882840763622,0,53,54f9fd516dd6bda7be62f0c16561e9f6c0fe5841c8997a04b3cc0ffc1a5dc5da,results/formal/SIM-Semi/full/seed_71/history.json
SIM-Semi,full,71,41,0.8136334121227264,0.657713219930605,0.9065265486725664,1,53,54f9fd516dd6bda7be62f0c16561e9f6c0fe5841c8997a04b3cc0ffc1a5dc5da,results/formal/SIM-Semi/full/seed_71/history.json
SIM-Semi,full,71,42,0.789789875348409,0.6489060860785666,0.9031157817109144,0,53,54f9fd516dd6bda7be62f0c16561e9f6c0fe5841c8997a04b3cc0ffc1a5dc5da,results/formal/SIM-Semi/full/seed_71/history.json
SIM-Semi,full,71,43,0.7974206904570261,0.6504300114193182,0.9043559024878944,0,53,54f9fd516dd6bda7be62f0c16561e9f6c0fe5841c8997a04b3cc0ffc1a5dc5da,results/formal/SIM-Semi/full/seed_71/history.json
SIM-Semi,full,71,44,0.7823093036810557,0.6483650866129027,0.9045333110702954,0,53,54f9fd516dd6bda7be62f0c16561e9f6c0fe5841c8997a04b3cc0ffc1a5dc5da,results/formal/SIM-Semi/full/seed_71/history.json
SIM-Semi,full,71,45,0.783489833275477,0.648872937876358,0.9045263538709857,0,53,54f9fd516dd6bda7be62f0c16561e9f6c0fe5841c8997a04b3cc0ffc1a5dc5da,results/formal/SIM-Semi/full/seed_71/history.json
SIM-Semi,full,71,46,0.7868388990561167,0.6483868397776915,0.9047698558468303,0,53,54f9fd516dd6bda7be62f0c16561e9f6c0fe5841c8997a04b3cc0ffc1a5dc5da,results/formal/SIM-Semi/full/seed_71/history.json
SIM-Semi,full,71,47,0.7821652293205261,0.6470930384683778,0.9032775365948683,0,53,54f9fd516dd6bda7be62f0c16561e9f6c0fe5841c8997a04b3cc0ffc1a5dc5da,results/formal/SIM-Semi/full/seed_71/history.json
SIM-Semi,full,71,48,0.7835218012332916,0.6483418880952841,0.9040984861134302,0,53,54f9fd516dd6bda7be62f0c16561e9f6c0fe5841c8997a04b3cc0ffc1a5dc5da,results/formal/SIM-Semi/full/seed_71/history.json
SIM-Semi,full,71,49,0.7735922833283743,0.639385225702561,0.9021696026047754,0,53,54f9fd516dd6bda7be62f0c16561e9f6c0fe5841c8997a04b3cc0ffc1a5dc5da,results/formal/SIM-Semi/full/seed_71/history.json
SIM-Semi,full,71,50,0.7741213540236155,0.6454465313987299,0.9017208632492905,0,53,54f9fd516dd6bda7be62f0c16561e9f6c0fe5841c8997a04b3cc0ffc1a5dc5da,results/formal/SIM-Semi/full/seed_71/history.json
SIM-Semi,full,71,51,0.7668047249317169,0.639888425613611,0.9001415790059555,0,53,54f9fd516dd6bda7be62f0c16561e9f6c0fe5841c8997a04b3cc0ffc1a5dc5da,results/formal/SIM-Semi/full/seed_71/history.json
SIM-Semi,full,71,52,0.7709699670473734,0.642660733271044,0.9025313769688874,0,53,54f9fd516dd6bda7be62f0c16561e9f6c0fe5841c8997a04b3cc0ffc1a5dc5da,results/formal/SIM-Semi/full/seed_71/history.json
SIM-Semi,full,71,53,0.7687618931134542,0.6421444816397868,0.9000163494183782,0,53,54f9fd516dd6bda7be62f0c16561e9f6c0fe5841c8997a04b3cc0ffc1a5dc5da,results/formal/SIM-Semi/full/seed_71/history.json
SIM-Semi,full,101,1,1.3562885920206706,0.3207303310095944,0.7580112150052876,0,56,54f9fd516dd6bda7be62f0c16561e9f6c0fe5841c8997a04b3cc0ffc1a5dc5da,results/formal/SIM-Semi/full/seed_101/history.json
SIM-Semi,full,101,2,1.2168726722399394,0.3635449957003856,0.7976811654700284,0,56,54f9fd516dd6bda7be62f0c16561e9f6c0fe5841c8997a04b3cc0ffc1a5dc5da,results/formal/SIM-Semi/full/seed_101/history.json
SIM-Semi,full,101,3,1.1250846187273662,0.39000420249842666,0.8201076974453163,0,56,54f9fd516dd6bda7be62f0c16561e9f6c0fe5841c8997a04b3cc0ffc1a5dc5da,results/formal/SIM-Semi/full/seed_101/history.json
SIM-Semi,full,101,4,1.0576177438100178,0.45482032217503454,0.8309609283686759,0,56,54f9fd516dd6bda7be62f0c16561e9f6c0fe5841c8997a04b3cc0ffc1a5dc5da,results/formal/SIM-Semi/full/seed_101/history.json
SIM-Semi,full,101,5,1.0174836317698162,0.5001820585406526,0.8390347581677521,0,56,54f9fd516dd6bda7be62f0c16561e9f6c0fe5841c8997a04b3cc0ffc1a5dc5da,results/formal/SIM-Semi/full/seed_101/history.json
SIM-Semi,full,101,6,0.991537849108378,0.5382940311913749,0.845600615016419,0,56,54f9fd516dd6bda7be62f0c16561e9f6c0fe5841c8997a04b3cc0ffc1a5dc5da,results/formal/SIM-Semi/full/seed_101/history.json
SIM-Semi,full,101,7,0.9732838571071625,0.5484220496771781,0.8497018840095731,0,56,54f9fd516dd6bda7be62f0c16561e9f6c0fe5841c8997a04b3cc0ffc1a5dc5da,results/formal/SIM-Semi/full/seed_101/history.json
SIM-Semi,full,101,8,0.9638453423976898,0.5425893137246272,0.8484043663382869,0,56,54f9fd516dd6bda7be62f0c16561e9f6c0fe5841c8997a04b3cc0ffc1a5dc5da,results/formal/SIM-Semi/full/seed_101/history.json
SIM-Semi,full,101,9,0.9469573795795441,0.5450402024762081,0.8522777870540434,0,56,54f9fd516dd6bda7be62f0c16561e9f6c0fe5841c8997a04b3cc0ffc1a5dc5da,results/formal/SIM-Semi/full/seed_101/history.json
SIM-Semi,full,101,10,0.9462145566940308,0.537980730604598,0.847383397339567,0,56,54f9fd516dd6bda7be62f0c16561e9f6c0fe5841c8997a04b3cc0ffc1a5dc5da,results/formal/SIM-Semi/full/seed_101/history.json
SIM-Semi,full,101,11,0.9422685106595358,0.5468569880680271,0.8531996159625981,0,56,54f9fd516dd6bda7be62f0c16561e9f6c0fe5841c8997a04b3cc0ffc1a5dc5da,results/formal/SIM-Semi/full/seed_101/history.json
SIM-Semi,full,101,12,0.9346802234649658,0.5523349706469494,0.8533805031446541,0,56,54f9fd516dd6bda7be62f0c16561e9f6c0fe5841c8997a04b3cc0ffc1a5dc5da,results/formal/SIM-Semi/full/seed_101/history.json
SIM-Semi,full,101,13,0.9288923243681589,0.5574310180440105,0.8561320754716981,0,56,54f9fd516dd6bda7be62f0c16561e9f6c0fe5841c8997a04b3cc0ffc1a5dc5da,results/formal/SIM-Semi/full/seed_101/history.json
SIM-Semi,full,101,14,0.9278245170911154,0.5607608492422892,0.8563216591528914,0,56,54f9fd516dd6bda7be62f0c16561e9f6c0fe5841c8997a04b3cc0ffc1a5dc5da,results/formal/SIM-Semi/full/seed_101/history.json
SIM-Semi,full,101,15,0.9143140216668447,0.5687788060949016,0.8617030528190571,0,56,54f9fd516dd6bda7be62f0c16561e9f6c0fe5841c8997a04b3cc0ffc1a5dc5da,results/formal/SIM-Semi/full/seed_101/history.json
SIM-Semi,full,101,16,0.9140498638153076,0.5693106275484329,0.8625100879389993,0,56,54f9fd516dd6bda7be62f0c16561e9f6c0fe5841c8997a04b3cc0ffc1a5dc5da,results/formal/SIM-Semi/full/seed_101/history.json
SIM-Semi,full,101,17,0.903391440709432,0.5684711549151077,0.8626735821227807,0,56,54f9fd516dd6bda7be62f0c16561e9f6c0fe5841c8997a04b3cc0ffc1a5dc5da,results/formal/SIM-Semi/full/seed_101/history.json
SIM-Semi,full,101,18,0.9089287519454956,0.5826074764644573,0.8681488979796294,0,56,54f9fd516dd6bda7be62f0c16561e9f6c0fe5841c8997a04b3cc0ffc1a5dc5da,results/formal/SIM-Semi/full/seed_101/history.json
SIM-Semi,full,101,19,0.8991172909736633,0.5841398383065721,0.8701351783825901,0,56,54f9fd516dd6bda7be62f0c16561e9f6c0fe5841c8997a04b3cc0ffc1a5dc5da,results/formal/SIM-Semi/full/seed_101/history.json
SIM-Semi,full,101,20,0.8901953995227814,0.5938414172652915,0.8700342989925975,0,56,54f9fd516dd6bda7be62f0c16561e9f6c0fe5841c8997a04b3cc0ffc1a5dc5da,results/formal/SIM-Semi/full/seed_101/history.json
SIM-Semi,full,101,21,0.8790667851765951,0.5966807863373365,0.8759618328045862,0,56,54f9fd516dd6bda7be62f0c16561e9f6c0fe5841c8997a04b3cc0ffc1a5dc5da,results/formal/SIM-Semi/full/seed_101/history.json
SIM-Semi,full,101,22,0.8771248062451681,0.6100897825529727,0.8801639811877331,0,56,54f9fd516dd6bda7be62f0c16561e9f6c0fe5841c8997a04b3cc0ffc1a5dc5da,results/formal/SIM-Semi/full/seed_101/history.json
SIM-Semi,full,101,23,0.8761364618937174,0.6074338447127191,0.878949949908165,0,56,54f9fd516dd6bda7be62f0c16561e9f6c0fe5841c8997a04b3cc0ffc1a5dc5da,results/formal/SIM-Semi/full/seed_101/history.json
SIM-Semi,full,101,24,0.8628823657830557,0.6117150691968359,0.8833990788668113,0,56,54f9fd516dd6bda7be62f0c16561e9f6c0fe5841c8997a04b3cc0ffc1a5dc5da,results/formal/SIM-Semi/full/seed_101/history.json
SIM-Semi,full,101,25,0.8579337398211161,0.6205745038297744,0.8843870011688095,0,56,54f9fd516dd6bda7be62f0c16561e9f6c0fe5841c8997a04b3cc0ffc1a5dc5da,results/formal/SIM-Semi/full/seed_101/history.json
SIM-Semi,full,101,26,0.8581980665524801,0.6243070189350699,0.8870898731006847,0,56,54f9fd516dd6bda7be62f0c16561e9f6c0fe5841c8997a04b3cc0ffc1a5dc5da,results/formal/SIM-Semi/full/seed_101/history.json
SIM-Semi,full,101,27,0.8693287173906962,0.6159623189600014,0.8894344492681026,0,56,54f9fd516dd6bda7be62f0c16561e9f6c0fe5841c8997a04b3cc0ffc1a5dc5da,results/formal/SIM-Semi/full/seed_101/history.json
SIM-Semi,full,101,28,0.8532831966876984,0.6365367185788863,0.8913929008738242,0,56,54f9fd516dd6bda7be62f0c16561e9f6c0fe5841c8997a04b3cc0ffc1a5dc5da,results/formal/SIM-Semi/full/seed_101/history.json
SIM-Semi,full,101,29,0.8551325798034668,0.6347086164178372,0.893887056826404,0,56,54f9fd516dd6bda7be62f0c16561e9f6c0fe5841c8997a04b3cc0ffc1a5dc5da,results/formal/SIM-Semi/full/seed_101/history.json
SIM-Semi,full,101,30,0.836318184932073,0.6359584645681178,0.8959916096176322,0,56,54f9fd516dd6bda7be62f0c16561e9f6c0fe5841c8997a04b3cc0ffc1a5dc5da,results/formal/SIM-Semi/full/seed_101/history.json
SIM-Semi,full,101,31,0.8294030924638113,0.63896284707145,0.8954037262759503,0,56,54f9fd516dd6bda7be62f0c16561e9f6c0fe5841c8997a04b3cc0ffc1a5dc5da,results/formal/SIM-Semi/full/seed_101/history.json
SIM-Semi,full,101,32,0.8263168136278788,0.6355404279174114,0.8966212361551733,0,56,54f9fd516dd6bda7be62f0c16561e9f6c0fe5841c8997a04b3cc0ffc1a5dc5da,results/formal/SIM-Semi/full/seed_101/history.json
SIM-Semi,full,101,33,0.8280119001865387,0.6436406569493672,0.8990597345132743,0,56,54f9fd516dd6bda7be62f0c16561e9f6c0fe5841c8997a04b3cc0ffc1a5dc5da,results/formal/SIM-Semi/full/seed_101/history.json
SIM-Semi,full,101,34,0.8176388442516327,0.6286536940882131,0.8952124032949297,0,56,54f9fd516dd6bda7be62f0c16561e9f6c0fe5841c8997a04b3cc0ffc1a5dc5da,results/formal/SIM-Semi/full/seed_101/history.json
SIM-Semi,full,101,35,0.8231194814046224,0.6359278821570962,0.8954906912673234,0,56,54f9fd516dd6bda7be62f0c16561e9f6c0fe5841c8997a04b3cc0ffc1a5dc5da,results/formal/SIM-Semi/full/seed_101/history.json
SIM-Semi,full,101,36,0.8180370628833771,0.6506402164185129,0.9036654004563922,0,56,54f9fd516dd6bda7be62f0c16561e9f6c0fe5841c8997a04b3cc0ffc1a5dc5da,results/formal/SIM-Semi/full/seed_101/history.json
SIM-Semi,full,101,37,0.8156472444534302,0.6472636805333006,0.9006285829576446,0,56,54f9fd516dd6bda7be62f0c16561e9f6c0fe5841c8997a04b3cc0ffc1a5dc5da,results/formal/SIM-Semi/full/seed_101/history.json
SIM-Semi,full,101,38,0.8051253656546274,0.64425774025108,0.8997206684477097,0,56,54f9fd516dd6bda7be62f0c16561e9f6c0fe5841c8997a04b3cc0ffc1a5dc5da,results/formal/SIM-Semi/full/seed_101/history.json
SIM-Semi,full,101,39,0.8085264960924784,0.6477202479939481,0.9030392525185063,0,56,54f9fd516dd6bda7be62f0c16561e9f6c0fe5841c8997a04b3cc0ffc1a5dc5da,results/formal/SIM-Semi/full/seed_101/history.json
SIM-Semi,full,101,40,0.8065013289451599,0.6503225587863813,0.9041976262035955,0,56,54f9fd516dd6bda7be62f0c16561e9f6c0fe5841c8997a04b3cc0ffc1a5dc5da,results/formal/SIM-Semi/full/seed_101/history.json
SIM-Semi,full,101,41,0.8050201932589213,0.6470404515904885,0.9023504897868313,0,56,54f9fd516dd6bda7be62f0c16561e9f6c0fe5841c8997a04b3cc0ffc1a5dc5da,results/formal/SIM-Semi/full/seed_101/history.json
SIM-Semi,full,101,42,0.7982160349686941,0.643547932577876,0.9009173067290032,0,56,54f9fd516dd6bda7be62f0c16561e9f6c0fe5841c8997a04b3cc0ffc1a5dc5da,results/formal/SIM-Semi/full/seed_101/history.json
SIM-Semi,full,101,43,0.7987259725729624,0.6459488917311087,0.9014530110758614,0,56,54f9fd516dd6bda7be62f0c16561e9f6c0fe5841c8997a04b3cc0ffc1a5dc5da,results/formal/SIM-Semi/full/seed_101/history.json
SIM-Semi,full,101,44,0.7894689043362936,0.6526821555593189,0.904535050370123,1,56,54f9fd516dd6bda7be62f0c16561e9f6c0fe5841c8997a04b3cc0ffc1a5dc5da,results/formal/SIM-Semi/full/seed_101/history.json
SIM-Semi,full,101,45,0.7932231525580088,0.6455810335472496,0.9026600851561195,0,56,54f9fd516dd6bda7be62f0c16561e9f6c0fe5841c8997a04b3cc0ffc1a5dc5da,results/formal/SIM-Semi/full/seed_101/history.json
SIM-Semi,full,101,46,0.7908080021540324,0.6436910675460302,0.9012442950965659,0,56,54f9fd516dd6bda7be62f0c16561e9f6c0fe5841c8997a04b3cc0ffc1a5dc5da,results/formal/SIM-Semi/full/seed_101/history.json
SIM-Semi,full,101,47,0.7947543064753214,0.6475678995372794,0.9033610229865865,0,56,54f9fd516dd6bda7be62f0c16561e9f6c0fe5841c8997a04b3cc0ffc1a5dc5da,results/formal/SIM-Semi/full/seed_101/history.json
SIM-Semi,full,101,48,0.7988725701967875,0.644438813039245,0.901922622029276,0,56,54f9fd516dd6bda7be62f0c16561e9f6c0fe5841c8997a04b3cc0ffc1a5dc5da,results/formal/SIM-Semi/full/seed_101/history.json
SIM-Semi,full,101,49,0.8039165536562601,0.6522700579492717,0.9059004007346803,0,56,54f9fd516dd6bda7be62f0c16561e9f6c0fe5841c8997a04b3cc0ffc1a5dc5da,results/formal/SIM-Semi/full/seed_101/history.json
SIM-Semi,full,101,50,0.7856286863485972,0.6495970469419166,0.9039749958256804,0,56,54f9fd516dd6bda7be62f0c16561e9f6c0fe5841c8997a04b3cc0ffc1a5dc5da,results/formal/SIM-Semi/full/seed_101/history.json
SIM-Semi,full,101,51,0.7911773224671682,0.6513492113968965,0.9031870930038404,0,56,54f9fd516dd6bda7be62f0c16561e9f6c0fe5841c8997a04b3cc0ffc1a5dc5da,results/formal/SIM-Semi/full/seed_101/history.json
SIM-Semi,full,101,52,0.7885999381542206,0.6436251947184959,0.9005972755607503,0,56,54f9fd516dd6bda7be62f0c16561e9f6c0fe5841c8997a04b3cc0ffc1a5dc5da,results/formal/SIM-Semi/full/seed_101/history.json
SIM-Semi,full,101,53,0.7824856142203013,0.6459214984141625,0.9031627428062559,0,56,54f9fd516dd6bda7be62f0c16561e9f6c0fe5841c8997a04b3cc0ffc1a5dc5da,results/formal/SIM-Semi/full/seed_101/history.json
SIM-Semi,full,101,54,0.7835766275723776,0.6435698041747802,0.9019921940223743,0,56,54f9fd516dd6bda7be62f0c16561e9f6c0fe5841c8997a04b3cc0ffc1a5dc5da,results/formal/SIM-Semi/full/seed_101/history.json
SIM-Semi,full,101,55,0.7734907368818918,0.6465962889365432,0.9035506066677798,0,56,54f9fd516dd6bda7be62f0c16561e9f6c0fe5841c8997a04b3cc0ffc1a5dc5da,results/formal/SIM-Semi/full/seed_101/history.json
SIM-Semi,full,101,56,0.7790311376253763,0.6381136405835264,0.9001067930094061,0,56,54f9fd516dd6bda7be62f0c16561e9f6c0fe5841c8997a04b3cc0ffc1a5dc5da,results/formal/SIM-Semi/full/seed_101/history.json
